/****************************************************************************
** Resource object code
**
** Created by: The Resource Compiler for Qt version 6.10.0
**
** WARNING! All changes made in this file will be lost!
*****************************************************************************/

#ifdef _MSC_VER
// disable informational message "function ... selected for automatic inline expansion"
#pragma warning (disable: 4711)
#endif

static const unsigned char qt_resource_data[] = {
  // Main.qml
  0x0,0x0,0x7,0x48,
  0x0,
  0x0,0x1b,0xcf,0x78,0xda,0xd5,0x59,0xdb,0x6e,0xe3,0x36,0x10,0x7d,0xf7,0x57,0xb0,
  0x2a,0xba,0x88,0xb7,0x8d,0x62,0xc7,0x4e,0x36,0xb1,0x91,0x16,0xda,0x6c,0xd2,0x35,
  0x90,0xd8,0xd9,0xd8,0xbb,0x5b,0xa0,0xe8,0x3,0x2d,0xd1,0x36,0x1b,0x49,0x54,0x29,
  0x2a,0x97,0x2d,0x2,0xf4,0x23,0xfa,0xd0,0xcf,0xe8,0x37,0xed,0x97,0x74,0x48,0xea,
  0x7e,0xb1,0x9d,0x74,0xfb,0x50,0x19,0x1,0xa4,0xe1,0xcc,0x90,0x1c,0x9e,0xb9,0x70,
  0xb2,0xb7,0x87,0xce,0xf,0x77,0x2d,0xb3,0x6b,0x76,0x7,0xe8,0x12,0x53,0xdf,0xfc,
  0xcd,0x73,0xd1,0xe7,0x3f,0xfe,0x44,0x33,0xc6,0xdc,0x39,0xe6,0xe8,0x5b,0x34,0x15,
  0x9c,0x6,0x21,0xbc,0x58,0xb6,0xa0,0xcc,0x97,0x6f,0xa7,0xcc,0x17,0xc4,0x17,0x66,
  0x8b,0x7a,0x1,0xe3,0x2,0xbd,0x13,0xef,0x22,0x6a,0xdf,0x94,0x3e,0x4d,0xc9,0xc6,
  0x99,0x1b,0x96,0xe9,0x17,0xf8,0x81,0x45,0xa2,0x42,0x7e,0x43,0xb1,0xcb,0x96,0x29,
  0x79,0xe4,0x50,0xe6,0x51,0xdf,0x41,0x5d,0xb3,0xd3,0x6a,0x7d,0x84,0x37,0x76,0x87,
  0x7e,0x6f,0x21,0x78,0xa8,0x33,0x40,0x9c,0x31,0xa1,0x3e,0xee,0xa8,0x23,0x56,0x3,
  0xd4,0xdf,0xef,0xc,0xd1,0x8a,0xd0,0xe5,0x4a,0xc,0xd0,0xab,0x7e,0x47,0x8d,0x81,
  0x3c,0xf5,0x22,0xef,0xa3,0x66,0xe9,0x49,0x96,0x98,0xf4,0x36,0xe6,0x3c,0x38,0xd4,
  0x9c,0xb7,0x34,0xa4,0x73,0x97,0xc,0x90,0xe0,0x11,0x51,0x14,0x41,0x85,0xfc,0xb6,
  0x82,0xc0,0xf4,0xb1,0x47,0x76,0xda,0x8a,0x6a,0x33,0x97,0xf1,0x1,0x32,0xbe,0x5e,
  0x60,0xf9,0x33,0x5a,0x8a,0x1a,0x70,0x16,0x10,0x2e,0x1e,0x10,0xf5,0x5,0xb2,0x23,
  0xce,0xc1,0x3a,0x33,0x3c,0x1f,0xa0,0x4e,0x71,0x78,0xe,0x56,0x45,0x2,0x87,0x37,
  0xe1,0xd9,0x7d,0x80,0x7d,0x87,0xc0,0x46,0x16,0xd8,0xd,0x49,0x1d,0x1b,0xb,0xa8,
  0x1d,0x5e,0x32,0x7,0xbb,0x93,0x80,0xf8,0xcd,0x8c,0x81,0x8b,0x1f,0xb4,0xed,0x36,
  0xf0,0x71,0xc,0x27,0x68,0x93,0x6d,0x78,0x1d,0x8e,0xef,0x8,0x5f,0xcf,0x73,0x4b,
  0xc9,0x3a,0x1e,0x69,0xa,0xcd,0x32,0x82,0x8d,0xde,0x57,0x6c,0x71,0xb,0xe8,0x82,
  0x8f,0xfb,0x7,0x6d,0x63,0xb5,0xdd,0x2b,0xf9,0xad,0x4d,0x7a,0xca,0x0,0x6,0xbe,
  0x44,0x19,0xf3,0xe5,0xbb,0x4b,0x84,0xb4,0x96,0x6,0x80,0x2,0xc1,0x2,0xed,0x28,
  0xf9,0xb6,0x56,0x63,0x72,0xb2,0xe0,0x24,0x5c,0xcd,0xa4,0x79,0xe3,0xd3,0x7a,0x4c,
  0x74,0xb9,0x91,0xe7,0x6b,0xd8,0xe5,0x34,0x60,0xdf,0x5e,0x31,0x1e,0x9a,0xb,0xea,
  0xba,0x3,0x14,0x60,0x79,0x6a,0x43,0x14,0x6,0xd8,0xa6,0xfe,0x52,0xae,0x37,0xe5,
  0xdc,0xdb,0x43,0x27,0x27,0x27,0x68,0x36,0x99,0x5c,0xbc,0xb6,0xae,0xd1,0xf4,0xfd,
  0xd5,0xd9,0xf5,0x68,0x72,0x2d,0x89,0x29,0xcf,0x35,0xb1,0x5,0xf6,0x97,0x2e,0xc9,
  0xcd,0x20,0x1f,0x3d,0xad,0x9a,0x24,0xc6,0xa1,0x84,0x58,0x86,0xd5,0x7e,0xbf,0xc0,
  0x9e,0x1,0x4c,0x3d,0x46,0x61,0x70,0xce,0xb8,0x43,0xb8,0x99,0xf2,0x90,0x8e,0xfc,
  0x19,0xc3,0x64,0x20,0xf6,0x85,0x6e,0xab,0x20,0x75,0xcd,0xee,0x2a,0x7b,0x5f,0x6f,
  0x83,0x84,0xea,0x92,0x85,0xb8,0xc4,0x7c,0x49,0xe1,0x88,0x8f,0x32,0x32,0x97,0x2b,
  0x4f,0xe8,0xdd,0xfd,0x7a,0x9b,0xe5,0x6c,0xf7,0x16,0x7b,0xf3,0x88,0x2f,0x9,0x47,
  0x9f,0xff,0xfa,0xbb,0xc2,0x30,0x12,0xc4,0xab,0x59,0x59,0xce,0xb7,0x7b,0x87,0x99,
  0xb9,0xf4,0x12,0x4d,0xfd,0x59,0x2b,0xd4,0x70,0xda,0x4d,0x3b,0xb7,0x41,0x9d,0xc4,
  0x68,0xd,0x2,0x7a,0x8d,0xc2,0xb9,0xc3,0x4e,0x16,0xd9,0xcd,0x2d,0x12,0x4c,0xc2,
  0xb1,0x43,0xa3,0x10,0xc8,0xc3,0xec,0x48,0xf,0xe,0xe,0xc,0xc0,0xe4,0xff,0x5b,
  0x69,0x3d,0xf5,0x92,0x45,0x21,0xb1,0x38,0xc1,0x30,0x4d,0x3d,0xa6,0xc0,0x8d,0x5d,
  0x8,0xf3,0xd2,0x89,0xb3,0xe8,0x82,0x4e,0x94,0x37,0xd4,0x28,0x7d,0xac,0x45,0xd2,
  0xa9,0x3a,0x2c,0x1d,0x9b,0x9f,0x2,0xa4,0x26,0x27,0xcc,0xd1,0x93,0x8c,0x90,0x26,
  0x80,0xf2,0x33,0x23,0xf7,0xcf,0xc1,0x53,0xa3,0x80,0x0,0x7d,0x83,0x35,0xa,0xe5,
  0x13,0xde,0x51,0x61,0xaf,0xd0,0x4e,0x96,0x53,0xda,0x1b,0x24,0x6c,0x1c,0x12,0xd4,
  0x81,0xfc,0x48,0x44,0xc4,0x7d,0x64,0x58,0x1,0x8,0x3a,0x14,0xfe,0x98,0xb1,0x59,
  0xb0,0x5b,0x11,0x74,0x58,0xb8,0x85,0xdc,0x7e,0x26,0x37,0x66,0x90,0xe0,0xb6,0x10,
  0xe9,0xe5,0xa6,0x72,0x64,0x56,0xe,0x5,0xc7,0x7c,0xbd,0x60,0x33,0xcc,0x9b,0x47,
  0x16,0x50,0x85,0x98,0x1,0xbd,0x27,0xee,0x94,0x7e,0x82,0x84,0xde,0x3d,0x18,0x6a,
  0xda,0x9c,0xb9,0x4e,0x82,0x83,0x14,0xf8,0xbd,0x5e,0xcf,0xd8,0x12,0xf6,0xf5,0x8,
  0x9d,0xc1,0xa1,0xe3,0x10,0xcd,0x23,0x21,0x98,0xff,0x8c,0x58,0x77,0xd8,0x79,0x4a,
  0xac,0x5b,0x17,0xda,0x9f,0x10,0xe8,0xfa,0x8d,0xc2,0x1a,0xf4,0x31,0x56,0xd,0xbd,
  0x39,0x63,0x58,0x35,0xea,0xfe,0xf6,0x11,0x69,0x83,0x1f,0x65,0xae,0x51,0x28,0x94,
  0xd0,0xf,0xc8,0xb8,0x35,0x10,0xe8,0xff,0x7e,0x3d,0x46,0xd6,0x2e,0xed,0xe8,0xe8,
  0x68,0xbd,0x34,0x7,0xf4,0xca,0x32,0xb7,0x3a,0xfb,0x71,0x7,0x25,0x35,0x4c,0xd3,
  0xf3,0x9a,0xac,0xf0,0x2d,0x65,0x1c,0x62,0x5d,0xaa,0x8,0x8c,0x37,0x8e,0xbc,0x39,
  0xe1,0x16,0xd4,0x9d,0x9,0xc5,0x89,0x78,0x3c,0x4b,0xf7,0xa0,0x83,0x1e,0x9f,0x8c,
  0xeb,0x2f,0x10,0x83,0x8b,0xdb,0x3b,0x41,0x5f,0x15,0x9,0x75,0x70,0xaf,0xff,0x7a,
  0xac,0x96,0x49,0xd6,0xf5,0x99,0x35,0x45,0x57,0xd6,0xf8,0xec,0x2,0xed,0x10,0xa5,
  0x52,0x16,0xd7,0x68,0x5,0x70,0xc3,0x8,0xcf,0xf1,0xaf,0xac,0xfd,0x2f,0x6a,0xa7,
  0x2,0x4b,0xe2,0x2b,0xe5,0xe3,0x92,0xf7,0x83,0xd8,0x73,0xd0,0x4b,0xd4,0x31,0xf,
  0x2a,0xa7,0xf7,0x65,0x2a,0xad,0x82,0x46,0x97,0x6,0xf1,0x12,0x5b,0x4d,0xb8,0x88,
  0x97,0xb4,0x1e,0x15,0xfb,0x1d,0x88,0x2,0xe0,0x69,0xe0,0x9c,0xa6,0x78,0x8,0x0,
  0xc5,0x67,0xfa,0x63,0xe4,0x4f,0x22,0xb8,0x2e,0x61,0x47,0x81,0xa6,0x68,0x2b,0x8,
  0xa0,0x1f,0xa0,0xde,0x7e,0x72,0x91,0xe7,0xa9,0x42,0xe,0xa,0x80,0xa3,0x8a,0xa0,
  0xc7,0x1c,0x22,0x25,0x64,0x7d,0xd,0x36,0xd5,0x75,0xb6,0xb4,0xf4,0xa5,0x1c,0x0,
  0x8b,0xfa,0x91,0xeb,0xb6,0x9e,0xe0,0xe0,0x4f,0x4a,0x92,0x71,0xd0,0x19,0x33,0x0,
  0xce,0x3,0x1c,0xb0,0xa,0xac,0x81,0xce,0x66,0x82,0x34,0xe4,0x98,0x8a,0xfb,0xf7,
  0x72,0xee,0x7f,0x7c,0x7c,0x5c,0x2f,0x95,0x5e,0xff,0xf4,0x56,0x5f,0xbc,0xa8,0xec,
  0xb5,0x4a,0x52,0x6f,0xa7,0x2c,0x82,0x7b,0x8e,0x44,0x7d,0xa7,0xb5,0xd9,0x4b,0x41,
  0x8a,0x2c,0xb1,0x80,0x79,0x9a,0x10,0x5f,0xca,0x6,0x71,0x6,0x50,0x5f,0x59,0x5e,
  0xe8,0x1d,0xd6,0xca,0xc4,0xdb,0xa4,0xf2,0xba,0x85,0xbe,0x41,0xfb,0x7a,0x59,0x32,
  0x70,0x26,0xb7,0x55,0xd4,0x4,0xf7,0xe7,0xe4,0x93,0xcd,0x57,0x6,0x59,0x68,0xd6,
  0xdf,0x19,0xe,0xb7,0xa9,0x57,0xd7,0xc6,0xda,0xd8,0x40,0xfb,0xfd,0xcc,0x2c,0xdd,
  0xa3,0xac,0x98,0xed,0xa7,0xa7,0xae,0x30,0xac,0x1d,0x79,0xad,0xc2,0x38,0xd3,0x35,
  0x67,0x4b,0xd,0x47,0x2f,0x3e,0xfa,0x65,0x35,0x9,0x1e,0x67,0x48,0xbb,0x5b,0x51,
  0x41,0x8c,0x4a,0xa1,0xf1,0xac,0x2,0xa6,0x90,0x82,0xe3,0xe9,0x65,0xfd,0x3b,0x5c,
  0x8f,0x75,0x59,0xc9,0xc,0x1b,0x22,0xe8,0xd6,0x69,0x65,0xfb,0xa0,0x3f,0xb6,0x3e,
  0x8c,0x7e,0xb4,0x66,0xa3,0xc9,0x18,0x4d,0x67,0xd7,0xa3,0xab,0x69,0x21,0xc0,0x8f,
  0x21,0xfe,0x2d,0x55,0x70,0x8b,0xdb,0x49,0x4f,0x8e,0xf3,0xf9,0xae,0x8a,0x8a,0xed,
  0x19,0xa1,0xc0,0xc7,0x7c,0xa0,0x9c,0xae,0x0,0x42,0xaa,0x5d,0x50,0xe6,0x95,0x17,
  0xe,0x3c,0x1f,0xca,0xc2,0x3a,0x20,0x32,0x5c,0x26,0x63,0xaa,0x49,0xa1,0x47,0xd7,
  0xee,0xf3,0x74,0x32,0x9e,0x9d,0x8d,0x67,0x85,0xdd,0x4d,0x13,0x65,0xa5,0x6d,0xc9,
  0x3e,0x55,0x3a,0xd1,0x56,0x4d,0x81,0x6d,0xee,0x23,0xf9,0x5,0x6f,0xb2,0xc5,0x69,
  0x8e,0x37,0x35,0x4a,0xd5,0x24,0x79,0x95,0xa5,0xac,0x42,0x30,0xf7,0x21,0xf3,0xe8,
  0xdd,0xa9,0x1d,0xb9,0x39,0x92,0x2c,0x29,0xe4,0x3d,0xee,0x83,0x6a,0xf4,0xc,0xd0,
  0x22,0xf2,0x55,0x97,0x70,0x47,0x5,0x21,0xb8,0xab,0xe4,0x5b,0x40,0x30,0x91,0x22,
  0xf,0x73,0xad,0xa3,0xf4,0x2,0x58,0x82,0x9a,0x9a,0x57,0x94,0x67,0xd5,0x84,0x22,
  0x27,0xdc,0x37,0x48,0x98,0x63,0xf4,0xd3,0xef,0x22,0xdf,0x25,0xf6,0xf1,0x92,0xe4,
  0x18,0xbd,0x94,0x90,0xec,0x62,0xa6,0x5a,0x6e,0x83,0x72,0xeb,0xad,0x7a,0x49,0x6d,
  0x80,0xc5,0x4f,0xb3,0xf7,0xd6,0x5,0x3a,0x9f,0x4c,0x66,0x67,0xc5,0xde,0x90,0x6a,
  0x98,0xde,0x8b,0x8,0xbb,0xe7,0x60,0x7b,0xb8,0xc0,0xfe,0x87,0xf0,0xbf,0x72,0xf1,
  0xc3,0xa0,0xd4,0x14,0x8c,0x77,0x50,0xe6,0x8c,0x1b,0x82,0x83,0x9a,0xd6,0x60,0xbd,
  0xc4,0x66,0x23,0xb5,0x8a,0xb1,0x22,0x36,0x14,0x18,0x69,0x77,0x77,0x17,0xbd,0x51,
  0xf7,0x7e,0xf9,0xaa,0xa8,0x56,0x10,0xc4,0x94,0x5c,0x57,0xf,0xe,0x6,0x27,0xf4,
  0x61,0x1c,0x7b,0x93,0x2d,0xeb,0xb6,0xb3,0xbc,0x43,0xb5,0x4a,0x69,0x40,0x8d,0xab,
  0x77,0x55,0xec,0xbd,0x3a,0xc8,0xb2,0x42,0xae,0x10,0x4c,0xa5,0x98,0x6a,0x5a,0x66,
  0x6d,0x8,0x5d,0x19,0xb3,0x90,0x94,0x7a,0x13,0x59,0x5b,0x53,0xef,0x7f,0xa4,0x5a,
  0xd3,0xca,0x2,0x90,0x67,0xd5,0x87,0x36,0x99,0x29,0x35,0xa6,0x4d,0xc7,0x72,0xdf,
  0xa5,0x3e,0x63,0xa6,0x91,0xba,0xa3,0x9e,0xbe,0xac,0x2e,0x3f,0x41,0x16,0x39,0x1e,
  0x66,0xe5,0x48,0x7e,0x89,0xcf,0x6f,0xb1,0xa8,0x6d,0x64,0x15,0x63,0x7c,0x1a,0x7a,
  0x33,0xc8,0xa4,0x8e,0xe7,0x3b,0xc8,0x51,0xfb,0x48,0xcf,0xe6,0x9c,0xba,0x31,0x1a,
  0x4a,0x87,0x93,0xdf,0x75,0x3a,0x10,0xf7,0xca,0x8d,0x29,0xd4,0x37,0xb6,0xd,0xfe,
  0x8f,0x39,0xc2,0xdc,0x5e,0xd1,0x5b,0x16,0xeb,0xcf,0xca,0xd,0xd9,0x4c,0x7,0xed,
  0xe0,0x5,0x0,0xa2,0x9f,0xd,0x4b,0xb3,0x85,0x59,0xbf,0x7f,0xe7,0xa5,0x16,0x69,
  0x1b,0xdf,0xc1,0x8d,0x93,0x39,0x30,0x6,0x47,0x93,0xe8,0xb,0x61,0xbc,0x6d,0xfc,
  0x92,0x3b,0x14,0xcb,0xb6,0x49,0x50,0x6a,0xe,0xab,0x9a,0x4e,0x36,0x98,0x31,0x20,
  0xe2,0x4,0x85,0x72,0x5d,0xc0,0x22,0x77,0x65,0xa,0x26,0x73,0x90,0xbf,0x8c,0x8f,
  0xab,0xa6,0x9f,0x5c,0xad,0x3c,0xa4,0x2e,0x76,0x3,0x9a,0x74,0xd,0xa8,0x8d,0x30,
  0x92,0xab,0xdc,0x91,0x53,0xb4,0x2b,0x2,0x52,0x1b,0xbb,0x69,0xc3,0x21,0xfb,0x21,
  0x83,0x49,0xc1,0x5a,0x3b,0x86,0x2,0x4e,0x6c,0x41,0xec,0x30,0x18,0x4,0x1f,0x6,
  0x98,0x78,0xb2,0xd6,0x30,0xaa,0x4a,0x88,0x3c,0xb6,0x82,0x86,0x33,0xce,0xe1,0x1a,
  0x81,0xdd,0x44,0x9,0xd7,0x6e,0x58,0x92,0x7d,0x5c,0xeb,0x85,0xca,0x65,0xc3,0xf4,
  0xa4,0x67,0x99,0x1f,0x37,0x2,0x2b,0xfb,0xef,0x48,0xd1,0xe9,0x73,0x7e,0x53,0xd,
  0x7,0xa,0x75,0xc3,0x2d,0xbc,0x26,0x5e,0xe5,0x55,0x1a,0xb2,0x36,0xaf,0xa3,0x18,
  0xde,0x72,0xcb,0xa8,0xc4,0xbd,0x18,0xfb,0x7a,0x86,0x42,0x98,0xdb,0x62,0x96,0x4a,
  0x58,0xcc,0xcf,0x54,0x17,0x33,0xf3,0xb3,0xe9,0x9c,0xb8,0xed,0x5c,0x59,0x4a,0x1c,
  0x22,0xa8,0x1d,0xbd,0x38,0xbd,0xe7,0xd2,0x67,0x6e,0xee,0x42,0xfe,0x4c,0xe6,0x7c,
  0x6c,0xfd,0x3,0x7d,0x20,0xb4,0x71,
    // ContextualFooter.qml
  0x0,0x0,0x6,0x31,
  0x2f,
  0x2f,0x20,0x46,0x6f,0x6f,0x74,0x65,0x72,0x20,0x63,0x6f,0x6e,0x74,0x65,0x78,0x74,
  0x75,0x61,0x6c,0x20,0xe2,0x80,0x94,0x20,0x73,0x6f,0x6c,0x6f,0x20,0x61,0x63,0x63,
  0x69,0x6f,0x6e,0x65,0x73,0x20,0x73,0x65,0x67,0xc3,0xba,0x6e,0x20,0x70,0x65,0x73,
  0x74,0x61,0xc3,0xb1,0x61,0x2c,0x20,0x73,0x69,0x6e,0x20,0x6e,0x6f,0x6d,0x62,0x72,
  0x65,0x2e,0xa,0x69,0x6d,0x70,0x6f,0x72,0x74,0x20,0x51,0x74,0x51,0x75,0x69,0x63,
  0x6b,0xa,0x69,0x6d,0x70,0x6f,0x72,0x74,0x20,0x51,0x74,0x51,0x75,0x69,0x63,0x6b,
  0x2e,0x4c,0x61,0x79,0x6f,0x75,0x74,0x73,0xa,0x69,0x6d,0x70,0x6f,0x72,0x74,0x20,
  0x49,0x64,0x69,0x6f,0x6d,0x69,0x6e,0x64,0x20,0x31,0x2e,0x30,0xa,0xa,0x52,0x65,
  0x63,0x74,0x61,0x6e,0x67,0x6c,0x65,0x20,0x7b,0xa,0x20,0x20,0x20,0x20,0x69,0x64,
  0x3a,0x20,0x66,0x6f,0x6f,0x74,0x65,0x72,0xa,0x20,0x20,0x20,0x20,0x70,0x72,0x6f,
  0x70,0x65,0x72,0x74,0x79,0x20,0x69,0x6e,0x74,0x20,0x63,0x75,0x72,0x72,0x65,0x6e,
  0x74,0x54,0x61,0x62,0x3a,0x20,0x30,0xa,0x20,0x20,0x20,0x20,0x70,0x72,0x6f,0x70,
  0x65,0x72,0x74,0x79,0x20,0x76,0x61,0x72,0x20,0x70,0x72,0x6f,0x78,0x79,0x3a,0x20,
  0x41,0x70,0x70,0x2e,0x74,0x6f,0x70,0x69,0x63,0x50,0x72,0x6f,0x78,0x79,0xa,0x20,
  0x20,0x20,0x20,0x73,0x69,0x67,0x6e,0x61,0x6c,0x20,0x70,0x6c,0x61,0x79,0x28,0x29,
  0xa,0x20,0x20,0x20,0x20,0x73,0x69,0x67,0x6e,0x61,0x6c,0x20,0x70,0x72,0x61,0x63,
  0x74,0x69,0x63,0x65,0x28,0x29,0xa,0x20,0x20,0x20,0x20,0x73,0x69,0x67,0x6e,0x61,
  0x6c,0x20,0x6f,0x70,0x65,0x6e,0x54,0x6f,0x70,0x69,0x63,0x73,0x28,0x29,0xa,0xa,
  0x20,0x20,0x20,0x20,0x68,0x65,0x69,0x67,0x68,0x74,0x3a,0x20,0x34,0x38,0x3b,0x20,
  0x63,0x6f,0x6c,0x6f,0x72,0x3a,0x20,0x22,0x23,0x66,0x66,0x66,0x66,0x66,0x66,0x22,
  0xa,0x20,0x20,0x20,0x20,0x62,0x6f,0x72,0x64,0x65,0x72,0x2e,0x63,0x6f,0x6c,0x6f,
  0x72,0x3a,0x20,0x22,0x23,0x65,0x30,0x65,0x30,0x65,0x30,0x22,0x3b,0x20,0x62,0x6f,
  0x72,0x64,0x65,0x72,0x2e,0x77,0x69,0x64,0x74,0x68,0x3a,0x20,0x31,0xa,0x20,0x20,
  0x20,0x20,0x76,0x69,0x73,0x69,0x62,0x6c,0x65,0x3a,0x20,0x63,0x75,0x72,0x72,0x65,
  0x6e,0x74,0x54,0x61,0x62,0x20,0x3d,0x3d,0x3d,0x20,0x30,0x20,0x7c,0x7c,0x20,0x63,
  0x75,0x72,0x72,0x65,0x6e,0x74,0x54,0x61,0x62,0x20,0x3d,0x3d,0x3d,0x20,0x33,0xa,
  0xa,0x20,0x20,0x20,0x20,0x52,0x6f,0x77,0x4c,0x61,0x79,0x6f,0x75,0x74,0x20,0x7b,
  0xa,0x20,0x20,0x20,0x20,0x20,0x20,0x20,0x20,0x61,0x6e,0x63,0x68,0x6f,0x72,0x73,
  0x2e,0x66,0x69,0x6c,0x6c,0x3a,0x20,0x70,0x61,0x72,0x65,0x6e,0x74,0x3b,0x20,0x73,
  0x70,0x61,0x63,0x69,0x6e,0x67,0x3a,0x20,0x30,0xa,0xa,0x20,0x20,0x20,0x20,0x20,
  0x20,0x20,0x20,0x2f,0x2f,0x20,0x4c,0x65,0x66,0x74,0x20,0x61,0x63,0x74,0x69,0x6f,
  0x6e,0xa,0x20,0x20,0x20,0x20,0x20,0x20,0x20,0x20,0x49,0x74,0x65,0x6d,0x20,0x7b,
  0xa,0x20,0x20,0x20,0x20,0x20,0x20,0x20,0x20,0x20,0x20,0x20,0x20,0x4c,0x61,0x79,
  0x6f,0x75,0x74,0x2e,0x66,0x69,0x6c,0x6c,0x57,0x69,0x64,0x74,0x68,0x3a,0x20,0x74,
  0x72,0x75,0x65,0x3b,0x20,0x4c,0x61,0x79,0x6f,0x75,0x74,0x2e,0x66,0x69,0x6c,0x6c,
  0x48,0x65,0x69,0x67,0x68,0x74,0x3a,0x20,0x74,0x72,0x75,0x65,0xa,0x20,0x20,0x20,
  0x20,0x20,0x20,0x20,0x20,0x20,0x20,0x20,0x20,0x76,0x69,0x73,0x69,0x62,0x6c,0x65,
  0x3a,0x20,0x63,0x75,0x72,0x72,0x65,0x6e,0x74,0x54,0x61,0x62,0x20,0x3d,0x3d,0x3d,
  0x20,0x30,0x20,0x7c,0x7c,0x20,0x63,0x75,0x72,0x72,0x65,0x6e,0x74,0x54,0x61,0x62,
  0x20,0x3d,0x3d,0x3d,0x20,0x33,0xa,0xa,0x20,0x20,0x20,0x20,0x20,0x20,0x20,0x20,
  0x20,0x20,0x20,0x20,0x54,0x65,0x78,0x74,0x20,0x7b,0xa,0x20,0x20,0x20,0x20,0x20,
  0x20,0x20,0x20,0x20,0x20,0x20,0x20,0x20,0x20,0x20,0x20,0x61,0x6e,0x63,0x68,0x6f,
  0x72,0x73,0x2e,0x63,0x65,0x6e,0x74,0x65,0x72,0x49,0x6e,0x3a,0x20,0x70,0x61,0x72,
  0x65,0x6e,0x74,0xa,0x20,0x20,0x20,0x20,0x20,0x20,0x20,0x20,0x20,0x20,0x20,0x20,
  0x20,0x20,0x20,0x20,0x74,0x65,0x78,0x74,0x3a,0x20,0x63,0x75,0x72,0x72,0x65,0x6e,
  0x74,0x54,0x61,0x62,0x20,0x3d,0x3d,0x3d,0x20,0x30,0x20,0x3f,0x20,0x22,0x52,0x45,
  0x50,0x52,0x4f,0x44,0x55,0x43,0x49,0x52,0x22,0x20,0x3a,0x20,0x22,0x54,0x4f,0x50,
  0x49,0x43,0x53,0x22,0xa,0x20,0x20,0x20,0x20,0x20,0x20,0x20,0x20,0x20,0x20,0x20,
  0x20,0x20,0x20,0x20,0x20,0x66,0x6f,0x6e,0x74,0x2e,0x70,0x69,0x78,0x65,0x6c,0x53,
  0x69,0x7a,0x65,0x3a,0x20,0x31,0x31,0x3b,0x20,0x66,0x6f,0x6e,0x74,0x2e,0x62,0x6f,
  0x6c,0x64,0x3a,0x20,0x74,0x72,0x75,0x65,0xa,0x20,0x20,0x20,0x20,0x20,0x20,0x20,
  0x20,0x20,0x20,0x20,0x20,0x20,0x20,0x20,0x20,0x63,0x6f,0x6c,0x6f,0x72,0x3a,0x20,
  0x22,0x23,0x33,0x62,0x38,0x32,0x66,0x36,0x22,0xa,0x20,0x20,0x20,0x20,0x20,0x20,
  0x20,0x20,0x20,0x20,0x20,0x20,0x7d,0xa,0x20,0x20,0x20,0x20,0x20,0x20,0x20,0x20,
  0x20,0x20,0x20,0x20,0x4d,0x6f,0x75,0x73,0x65,0x41,0x72,0x65,0x61,0x20,0x7b,0xa,
  0x20,0x20,0x20,0x20,0x20,0x20,0x20,0x20,0x20,0x20,0x20,0x20,0x20,0x20,0x20,0x20,
  0x61,0x6e,0x63,0x68,0x6f,0x72,0x73,0x2e,0x66,0x69,0x6c,0x6c,0x3a,0x20,0x70,0x61,
  0x72,0x65,0x6e,0x74,0xa,0x20,0x20,0x20,0x20,0x20,0x20,0x20,0x20,0x20,0x20,0x20,
  0x20,0x20,0x20,0x20,0x20,0x6f,0x6e,0x43,0x6c,0x69,0x63,0x6b,0x65,0x64,0x3a,0x20,
  0x7b,0xa,0x20,0x20,0x20,0x20,0x20,0x20,0x20,0x20,0x20,0x20,0x20,0x20,0x20,0x20,
  0x20,0x20,0x20,0x20,0x20,0x20,0x69,0x66,0x20,0x28,0x63,0x75,0x72,0x72,0x65,0x6e,
  0x74,0x54,0x61,0x62,0x20,0x3d,0x3d,0x3d,0x20,0x30,0x29,0x20,0x66,0x6f,0x6f,0x74,
  0x65,0x72,0x2e,0x70,0x6c,0x61,0x79,0x28,0x29,0xa,0x20,0x20,0x20,0x20,0x20,0x20,
  0x20,0x20,0x20,0x20,0x20,0x20,0x20,0x20,0x20,0x20,0x20,0x20,0x20,0x20,0x65,0x6c,
  0x73,0x65,0x20,0x66,0x6f,0x6f,0x74,0x65,0x72,0x2e,0x6f,0x70,0x65,0x6e,0x54,0x6f,
  0x70,0x69,0x63,0x73,0x28,0x29,0xa,0x20,0x20,0x20,0x20,0x20,0x20,0x20,0x20,0x20,
  0x20,0x20,0x20,0x20,0x20,0x20,0x20,0x7d,0xa,0x20,0x20,0x20,0x20,0x20,0x20,0x20,
  0x20,0x20,0x20,0x20,0x20,0x7d,0xa,0x20,0x20,0x20,0x20,0x20,0x20,0x20,0x20,0x7d,
  0xa,0xa,0x20,0x20,0x20,0x20,0x20,0x20,0x20,0x20,0x2f,0x2f,0x20,0x52,0x69,0x67,
  0x68,0x74,0x20,0x61,0x63,0x74,0x69,0x6f,0x6e,0x20,0x28,0x41,0x70,0x72,0x65,0x6e,
  0x64,0x69,0x65,0x6e,0x64,0x6f,0x3a,0x20,0x50,0x52,0x41,0x43,0x54,0x49,0x43,0x41,
  0x52,0x29,0xa,0x20,0x20,0x20,0x20,0x20,0x20,0x20,0x20,0x49,0x74,0x65,0x6d,0x20,
  0x7b,0xa,0x20,0x20,0x20,0x20,0x20,0x20,0x20,0x20,0x20,0x20,0x20,0x20,0x4c,0x61,
  0x79,0x6f,0x75,0x74,0x2e,0x66,0x69,0x6c,0x6c,0x57,0x69,0x64,0x74,0x68,0x3a,0x20,
  0x74,0x72,0x75,0x65,0x3b,0x20,0x4c,0x61,0x79,0x6f,0x75,0x74,0x2e,0x66,0x69,0x6c,
  0x6c,0x48,0x65,0x69,0x67,0x68,0x74,0x3a,0x20,0x74,0x72,0x75,0x65,0xa,0x20,0x20,
  0x20,0x20,0x20,0x20,0x20,0x20,0x20,0x20,0x20,0x20,0x76,0x69,0x73,0x69,0x62,0x6c,
  0x65,0x3a,0x20,0x63,0x75,0x72,0x72,0x65,0x6e,0x74,0x54,0x61,0x62,0x20,0x3d,0x3d,
  0x3d,0x20,0x30,0xa,0xa,0x20,0x20,0x20,0x20,0x20,0x20,0x20,0x20,0x20,0x20,0x20,
  0x20,0x54,0x65,0x78,0x74,0x20,0x7b,0xa,0x20,0x20,0x20,0x20,0x20,0x20,0x20,0x20,
  0x20,0x20,0x20,0x20,0x20,0x20,0x20,0x20,0x61,0x6e,0x63,0x68,0x6f,0x72,0x73,0x2e,
  0x63,0x65,0x6e,0x74,0x65,0x72,0x49,0x6e,0x3a,0x20,0x70,0x61,0x72,0x65,0x6e,0x74,
  0xa,0x20,0x20,0x20,0x20,0x20,0x20,0x20,0x20,0x20,0x20,0x20,0x20,0x20,0x20,0x20,
  0x20,0x74,0x65,0x78,0x74,0x3a,0x20,0x22,0x50,0x52,0x41,0x43,0x54,0x49,0x43,0x41,
  0x52,0x22,0xa,0x20,0x20,0x20,0x20,0x20,0x20,0x20,0x20,0x20,0x20,0x20,0x20,0x20,
  0x20,0x20,0x20,0x66,0x6f,0x6e,0x74,0x2e,0x70,0x69,0x78,0x65,0x6c,0x53,0x69,0x7a,
  0x65,0x3a,0x20,0x31,0x31,0x3b,0x20,0x66,0x6f,0x6e,0x74,0x2e,0x62,0x6f,0x6c,0x64,
  0x3a,0x20,0x74,0x72,0x75,0x65,0xa,0x20,0x20,0x20,0x20,0x20,0x20,0x20,0x20,0x20,
  0x20,0x20,0x20,0x20,0x20,0x20,0x20,0x63,0x6f,0x6c,0x6f,0x72,0x3a,0x20,0x22,0x23,
  0x33,0x62,0x38,0x32,0x66,0x36,0x22,0xa,0x20,0x20,0x20,0x20,0x20,0x20,0x20,0x20,
  0x20,0x20,0x20,0x20,0x7d,0xa,0x20,0x20,0x20,0x20,0x20,0x20,0x20,0x20,0x20,0x20,
  0x20,0x20,0x4d,0x6f,0x75,0x73,0x65,0x41,0x72,0x65,0x61,0x20,0x7b,0xa,0x20,0x20,
  0x20,0x20,0x20,0x20,0x20,0x20,0x20,0x20,0x20,0x20,0x20,0x20,0x20,0x20,0x61,0x6e,
  0x63,0x68,0x6f,0x72,0x73,0x2e,0x66,0x69,0x6c,0x6c,0x3a,0x20,0x70,0x61,0x72,0x65,
  0x6e,0x74,0xa,0x20,0x20,0x20,0x20,0x20,0x20,0x20,0x20,0x20,0x20,0x20,0x20,0x20,
  0x20,0x20,0x20,0x6f,0x6e,0x43,0x6c,0x69,0x63,0x6b,0x65,0x64,0x3a,0x20,0x66,0x6f,
  0x6f,0x74,0x65,0x72,0x2e,0x70,0x72,0x61,0x63,0x74,0x69,0x63,0x65,0x28,0x29,0xa,
  0x20,0x20,0x20,0x20,0x20,0x20,0x20,0x20,0x20,0x20,0x20,0x20,0x7d,0xa,0x20,0x20,
  0x20,0x20,0x20,0x20,0x20,0x20,0x7d,0xa,0x20,0x20,0x20,0x20,0x7d,0xa,0x7d,0xa,
  
    // PracticeDialog.qml
  0x0,0x0,0x5,0x9a,
  0x0,
  0x0,0x18,0xa8,0x78,0xda,0xcd,0x58,0x5b,0x6e,0xe3,0x36,0x14,0xfd,0xd7,0x2a,0x8,
  0xf5,0x27,0xc1,0x24,0x72,0x9c,0xd8,0x6e,0x60,0x23,0x28,0xc,0x4f,0x82,0x31,0x90,
  0x14,0x8e,0x93,0x4e,0x3f,0xb,0x86,0xa2,0x6d,0x76,0x68,0x52,0x25,0xa9,0x3c,0x66,
  0x10,0xa0,0x8b,0xe8,0x6,0xb2,0x86,0x2e,0x21,0x3b,0xe9,0x4a,0x7a,0x49,0x49,0x96,
  0xe5,0x48,0x96,0x63,0xa4,0x93,0x2a,0x1f,0x31,0x2f,0x1f,0xf7,0xf2,0xf0,0x3e,0xe,
  0xd9,0x68,0xa0,0xb3,0xce,0xfe,0x20,0x68,0x75,0xd1,0x48,0x61,0x62,0x18,0xa1,0x1f,
  0x19,0xe6,0x72,0x8a,0xfe,0xf9,0xf3,0x2f,0xc4,0x99,0x36,0x18,0x7d,0x40,0x8a,0xea,
  0x98,0x1b,0x1c,0xca,0x3d,0x34,0x91,0xd2,0x50,0x85,0x98,0x98,0x50,0xc5,0xa4,0xa,
  0x3c,0x36,0x8f,0xa4,0x32,0xe8,0xd2,0x5c,0xc6,0x8c,0x7c,0x59,0x69,0x6,0x3,0x29,
  0x8c,0x92,0x5c,0xaf,0xca,0xcf,0xf1,0x83,0x8c,0xcd,0x42,0x3c,0xc,0x99,0x9c,0x33,
  0x11,0xa2,0x66,0x70,0xe0,0x79,0x63,0x4a,0xc,0x16,0x53,0x4e,0xd1,0x37,0xf,0xc1,
  0xc7,0xc2,0x2e,0xa,0x9d,0x55,0xae,0x49,0x24,0x97,0xaa,0x8b,0xfc,0x1f,0x26,0xee,
  0xf3,0x9d,0x50,0xb3,0xa9,0xc0,0x1c,0x11,0x2e,0x35,0xdd,0xd9,0xf5,0x9c,0x2c,0x52,
  0x32,0xa2,0xca,0x3c,0xa0,0x5b,0xac,0x6c,0xe3,0xfe,0xa1,0x8b,0xfa,0x51,0x14,0x18,
  0x19,0x31,0x32,0xb2,0xed,0xe2,0x30,0x26,0xc,0x82,0xd,0x1b,0xda,0x45,0x7,0x8,
  0x35,0x1a,0xe8,0xe0,0x64,0x34,0xee,0xf,0xae,0x87,0x83,0xd3,0xdf,0xce,0x87,0x57,
  0xd7,0x7b,0xa8,0x99,0xb,0xc6,0xa7,0x57,0xbf,0x9c,0x5f,0x27,0x8a,0x60,0xe8,0xd8,
  0x41,0x84,0x42,0xc,0x80,0xed,0x68,0x6a,0xd0,0xdd,0x8c,0xa,0x58,0x3a,0xc1,0x14,
  0x6c,0x9e,0x47,0x9c,0x1a,0xaa,0x77,0x8b,0x2a,0xb5,0x51,0x4c,0x4c,0x53,0x80,0xaf,
  0x99,0xe1,0xa0,0xdb,0xf7,0xd7,0x8c,0x19,0x8a,0x89,0x7c,0x39,0xc4,0x5a,0x9e,0xf6,
  0xcf,0xf1,0x94,0xe,0x45,0x48,0xef,0x61,0x13,0x89,0x75,0x3,0xc9,0xe3,0xb9,0x48,
  0x10,0x4f,0x11,0xb5,0x1f,0x16,0x64,0x26,0x95,0xe,0x26,0x8c,0xf3,0x2e,0x8a,0xb0,
  0xa2,0xc2,0xf4,0x90,0x8e,0x30,0x1,0x6d,0x8b,0xc9,0xe9,0xf6,0xf6,0xf7,0xf7,0x91,
  0x3d,0x4b,0x18,0x83,0x60,0x24,0xb6,0x82,0x45,0xff,0x95,0xc1,0xe4,0xcb,0x8b,0xf5,
  0xed,0x97,0x8,0x9d,0x8a,0x5f,0x59,0x68,0x66,0x5d,0x64,0x54,0x4c,0x7b,0xcb,0xf2,
  0x4f,0x94,0x4d,0x67,0x26,0xe9,0x28,0xcc,0x25,0xb1,0xb2,0x26,0xa5,0x7b,0x49,0xce,
  0x3f,0x70,0xc7,0xe3,0x15,0xc6,0x81,0x75,0x85,0x53,0x2a,0x74,0xe,0xd,0x9d,0xaf,
  0xd8,0xe4,0xec,0x2,0xc7,0xfe,0xcc,0xe8,0x5d,0x49,0x57,0x35,0x34,0x84,0xb3,0xa8,
  0xc4,0xce,0xec,0x9b,0xcb,0x90,0xc2,0x68,0xbb,0xf4,0x85,0xfd,0x59,0xb1,0x76,0xa6,
  0xfe,0x94,0xd3,0xb9,0x45,0xf3,0x1b,0x12,0x78,0x6e,0x4f,0xfd,0x1a,0xab,0xdf,0xa9,
  0xc1,0x1a,0x85,0x14,0xdd,0x4a,0x82,0x6f,0x62,0x8e,0x21,0xc4,0xfc,0x1e,0x8,0x34,
  0x81,0x1,0x67,0x1c,0xeb,0x19,0xc1,0x2a,0xd4,0xe0,0x4e,0x2,0xc,0xc1,0x61,0x4c,
  0x8,0x7b,0xfe,0x5b,0xc0,0x18,0x36,0x9f,0x9e,0x31,0xe7,0x3d,0x7f,0x28,0xd2,0x6d,
  0x30,0xeb,0x6,0xba,0x91,0xf9,0x5f,0xa3,0x79,0x10,0x44,0x62,0xea,0xa3,0xc7,0xd7,
  0xd9,0x74,0x1,0x1e,0xc5,0xc0,0x71,0x11,0xe0,0x1,0xcb,0xe4,0xb6,0x5c,0x51,0x4e,
  0x41,0xb7,0x14,0x18,0x71,0x6c,0x5d,0x2f,0x8a,0xa9,0xcd,0x15,0x44,0xc2,0xa1,0x41,
  0xf4,0xd6,0x5b,0xd4,0xde,0xca,0x20,0x48,0xd,0x52,0x48,0x42,0x5d,0x3c,0x8b,0x58,
  0x10,0x86,0x33,0x4,0x52,0xcb,0x4e,0x35,0x89,0xc9,0xc,0xa3,0x7,0x4,0x6d,0xc5,
  0x6e,0xe8,0x6,0xe0,0x6c,0x67,0xcb,0x70,0xfe,0xfc,0x34,0xa5,0x82,0xea,0x5c,0x79,
  0x5f,0x4b,0xb0,0x8,0x39,0x5,0xc2,0x9d,0x52,0x84,0x39,0xbe,0x51,0x1b,0xe0,0x71,
  0xd8,0xdc,0xca,0x88,0x74,0xbb,0x6a,0xb1,0x5f,0xa6,0x72,0x73,0x3e,0x32,0x62,0xb3,
  0xb6,0xf5,0x28,0x9,0x7a,0xe0,0xb8,0x9c,0xb1,0x35,0x96,0xac,0x75,0x95,0x72,0x29,
  0xb8,0x3b,0x9d,0xba,0xc4,0x59,0x11,0x70,0xd9,0x77,0x97,0x64,0x81,0x24,0xa4,0xd0,
  0x4f,0xe9,0x8f,0xc0,0x89,0x11,0x24,0x9d,0x1e,0x9a,0xa5,0xf9,0xe0,0xc7,0xc3,0xca,
  0x45,0xc6,0xf2,0xae,0x34,0xdb,0x6c,0x16,0xc6,0x99,0x94,0xd3,0x89,0xb9,0xc0,0x6a,
  0xca,0x44,0x17,0x35,0x3b,0xb9,0x5c,0x59,0xfd,0x79,0xc7,0x5a,0xd,0x8b,0x6c,0x59,
  0x33,0xce,0x65,0xe5,0x1a,0x6b,0x97,0xe0,0xe9,0xb4,0x72,0x1c,0x3a,0xad,0xda,0x59,
  0x5a,0xc6,0x8a,0x0,0xf6,0x2e,0x3,0x5,0xe9,0xe9,0xd6,0xce,0xb2,0xa8,0xd8,0x44,
  0xd5,0x4d,0xac,0xb,0x46,0x10,0xc5,0x54,0xdd,0xd2,0xbe,0x8e,0x20,0x82,0xcf,0x98,
  0xd9,0x50,0xef,0x15,0xfb,0xa,0x6b,0x5c,0x9a,0x40,0xc3,0x8f,0x9d,0x4e,0x6b,0xf,
  0x4c,0xde,0xad,0x9d,0x8b,0xf5,0x3,0xe0,0xd,0x31,0x2c,0x63,0xbd,0x26,0xa9,0xae,
  0x77,0xbb,0xec,0x4b,0x2a,0xdc,0x6,0xf8,0x56,0xd5,0xa3,0xc5,0x39,0xd6,0x83,0x7d,
  0x4d,0xef,0x6d,0xf8,0x19,0xf8,0x97,0x21,0x6e,0x43,0xb1,0x7,0xcc,0x8,0x1c,0x39,
  0x62,0xf7,0x94,0x27,0x88,0x58,0x9f,0x72,0xb2,0x1b,0xc9,0xc3,0x4c,0xd1,0x82,0xbb,
  0x1c,0x1d,0x1d,0xf9,0x35,0xbb,0xaa,0xd0,0x66,0x63,0xbb,0x44,0xdb,0xd1,0xd2,0xe2,
  0xc7,0xc7,0xc7,0x75,0x8b,0x57,0xf7,0x56,0xf7,0x5c,0xc0,0x59,0xd1,0xbe,0xad,0xfe,
  0xaf,0x8f,0xbb,0xb5,0x13,0xa0,0xd4,0x6b,0xa9,0xae,0x66,0x38,0x4a,0x3c,0x69,0x24,
  0x81,0xd0,0xc0,0x79,0x7c,0xc2,0x22,0x1c,0xb8,0xbe,0xb5,0xd3,0xa5,0x18,0x70,0x20,
  0x95,0x14,0x50,0xae,0x77,0x81,0x65,0x22,0x81,0x4e,0x50,0x73,0xd3,0x9,0x4b,0x14,
  0xd,0xa6,0xe5,0x7,0xff,0xba,0xf9,0x96,0xbe,0xc1,0x74,0x7f,0xa4,0x9e,0x9f,0x6c,
  0xb6,0xc5,0x19,0x33,0xc4,0x21,0xf6,0x5f,0xb9,0xd4,0x82,0xe9,0xc1,0x82,0x87,0xcd,
  0x37,0x3d,0xed,0x97,0xd2,0xa2,0xe4,0xb1,0x9a,0x82,0xa5,0xbc,0x78,0x3,0x12,0x56,
  0xc1,0x4b,0x37,0xcf,0xe0,0x73,0x97,0xa4,0x21,0x7d,0x1c,0xb6,0x7a,0x85,0x54,0x5c,
  0xba,0x56,0x62,0x45,0x15,0xf5,0x5c,0xdd,0xd2,0xd2,0xd6,0x52,0x6a,0xef,0xca,0xa4,
  0xb7,0x4d,0x76,0x4f,0x55,0x62,0xe,0x77,0x14,0x5b,0xbd,0x9d,0x8f,0xf7,0x6d,0xeb,
  0xd3,0x0,0x9a,0x54,0xd5,0x95,0xcb,0xe6,0xe1,0x71,0x5e,0x10,0xa0,0xe1,0xd5,0x55,
  0x82,0xf2,0xc2,0xee,0xc3,0x55,0xae,0xca,0x85,0x3e,0x20,0xdf,0x95,0x7d,0xef,0xed,
  0xcb,0x45,0x59,0x99,0x80,0x4d,0xec,0xd9,0x9d,0xec,0x56,0xb8,0x5f,0xcd,0x59,0x18,
  0x1b,0x86,0x5e,0x75,0xc2,0xfc,0xf,0x8e,0x22,0x49,0xc1,0x2f,0x93,0x41,0x35,0x60,
  0xab,0x19,0xfa,0xb8,0xae,0x1e,0x6c,0x87,0x5,0x5c,0xc5,0xe5,0xbb,0x43,0x31,0xac,
  0x32,0xa2,0x14,0x89,0xd6,0xd2,0xc6,0x3b,0x9d,0x4e,0xb5,0xd3,0x41,0x98,0xb3,0xaf,
  0x30,0x1b,0xf3,0x7e,0x6e,0xa6,0xdd,0x57,0xbd,0xa1,0x8f,0x5b,0x66,0x81,0xba,0xc4,
  0x57,0xb2,0x7e,0x7a,0x3f,0x3e,0x4b,0x9e,0x46,0x8c,0x94,0xfc,0x6,0x8,0xf9,0xf2,
  0xd,0x79,0xf5,0x45,0xa3,0x8e,0x8f,0x64,0xb1,0xde,0x2e,0xd2,0xca,0xfc,0xe5,0xa3,
  0x6d,0xff,0x8a,0xb8,0xdd,0x48,0x15,0x52,0x15,0x2c,0xc6,0xd0,0x3,0xfb,0x7,0x74,
  0x3f,0xed,0xc8,0x72,0x49,0x11,0x97,0x75,0x5c,0xfa,0x6d,0xf8,0xb3,0x57,0xe6,0xba,
  0xa7,0xc3,0x9f,0x87,0x83,0x61,0x7f,0xfc,0xa2,0xb3,0xa,0xa9,0x17,0x19,0x71,0xe9,
  0xaa,0x70,0x4,0xda,0xe1,0x32,0xcc,0x2c,0x93,0x2c,0xe7,0xe1,0x29,0x28,0xca,0xde,
  0x51,0x95,0x71,0x3c,0x26,0x88,0xa0,0xa5,0x69,0x8,0x97,0x90,0x5,0x56,0xa8,0xa,
  0xdb,0x2a,0x8c,0x9,0x21,0xfe,0x9a,0xd8,0x5b,0x60,0x42,0x9c,0x9f,0xe,0x45,0x8e,
  0x62,0x12,0x43,0xfe,0x2,0x8,0xbf,0x84,0xd2,0x1d,0xae,0x4b,0x18,0xed,0x76,0xbb,
  0x8a,0xe3,0x6d,0xc2,0xd3,0xec,0x9b,0xda,0x32,0x1c,0xbd,0xaa,0x47,0x8f,0xed,0xa9,
  0xd9,0xc6,0xb4,0x8c,0x4d,0xd0,0x8e,0x7b,0x9e,0xdb,0x4d,0x5e,0xe9,0x82,0xd4,0xb0,
  0xec,0x45,0x72,0x67,0xfd,0x75,0x62,0x85,0xd1,0x1d,0xbc,0x1,0xd7,0xf1,0xea,0xd3,
  0xc6,0x52,0xbc,0x96,0x4d,0x0,0x27,0x1f,0x9c,0x8e,0xc7,0xdf,0xdb,0xc3,0xdd,0xfb,
  0xe7,0xff,0xc8,0xbf,0x13,0xc,0xde,0xc3,0xb9,0x73,0x24,0xde,0xdb,0xb5,0x8b,0xfe,
  0x79,0x2,0x77,0x8e,0xdd,0xd7,0xdf,0x53,0x92,0x7,0xe9,0xcf,0x92,0xdf,0x42,0x89,
  0xc1,0xc9,0xcb,0xfc,0x7a,0xca,0x8f,0x28,0xd7,0x74,0x73,0x45,0xe9,0xcb,0x79,0xe6,
  0xbb,0x54,0x29,0xa8,0x61,0x21,0x7b,0x7e,0x82,0x4e,0xf9,0x9d,0x2f,0x17,0xc5,0x5f,
  0x8f,0xde,0xa3,0xf7,0x2f,0x9d,0xaf,0x30,0x9a,
    // AppDrawer.qml
  0x0,0x0,0xc,0x74,
  0x2f,
  0x2f,0x20,0x46,0x36,0x2d,0x41,0x2e,0x31,0x3a,0x20,0x44,0x72,0x61,0x77,0x65,0x72,
  0x20,0x6c,0x61,0x74,0x65,0x72,0x61,0x6c,0x20,0x69,0x7a,0x71,0x75,0x69,0x65,0x72,
  0x64,0x6f,0x20,0xe2,0x80,0x94,0x20,0x66,0x75,0x6e,0x63,0x69,0x6f,0x6e,0x65,0x73,
  0x20,0x67,0x6c,0x6f,0x62,0x61,0x6c,0x65,0x73,0x2e,0xa,0x69,0x6d,0x70,0x6f,0x72,
  0x74,0x20,0x51,0x74,0x51,0x75,0x69,0x63,0x6b,0xa,0x69,0x6d,0x70,0x6f,0x72,0x74,
  0x20,0x51,0x74,0x51,0x75,0x69,0x63,0x6b,0x2e,0x4c,0x61,0x79,0x6f,0x75,0x74,0x73,
  0xa,0x69,0x6d,0x70,0x6f,0x72,0x74,0x20,0x49,0x64,0x69,0x6f,0x6d,0x69,0x6e,0x64,
  0x20,0x31,0x2e,0x30,0xa,0xa,0x52,0x65,0x63,0x74,0x61,0x6e,0x67,0x6c,0x65,0x20,
  0x7b,0xa,0x20,0x20,0x20,0x20,0x69,0x64,0x3a,0x20,0x64,0x72,0x61,0x77,0x65,0x72,
  0xa,0x20,0x20,0x20,0x20,0x70,0x72,0x6f,0x70,0x65,0x72,0x74,0x79,0x20,0x62,0x6f,
  0x6f,0x6c,0x20,0x6f,0x70,0x65,0x6e,0x3a,0x20,0x66,0x61,0x6c,0x73,0x65,0xa,0x20,
  0x20,0x20,0x20,0x73,0x69,0x67,0x6e,0x61,0x6c,0x20,0x63,0x6c,0x6f,0x73,0x65,0x28,
  0x29,0xa,0x20,0x20,0x20,0x20,0x73,0x69,0x67,0x6e,0x61,0x6c,0x20,0x6e,0x65,0x77,
  0x54,0x6f,0x70,0x69,0x63,0x28,0x29,0xa,0x20,0x20,0x20,0x20,0x73,0x69,0x67,0x6e,
  0x61,0x6c,0x20,0x69,0x6d,0x70,0x6f,0x72,0x74,0x54,0x6f,0x70,0x69,0x63,0x28,0x29,
  0xa,0x20,0x20,0x20,0x20,0x73,0x69,0x67,0x6e,0x61,0x6c,0x20,0x73,0x74,0x61,0x74,
  0x69,0x73,0x74,0x69,0x63,0x73,0x28,0x29,0xa,0x20,0x20,0x20,0x20,0x73,0x69,0x67,
  0x6e,0x61,0x6c,0x20,0x63,0x6f,0x6e,0x66,0x69,0x67,0x28,0x29,0xa,0x20,0x20,0x20,
  0x20,0x73,0x69,0x67,0x6e,0x61,0x6c,0x20,0x61,0x62,0x6f,0x75,0x74,0x28,0x29,0xa,
  0x20,0x20,0x20,0x20,0x73,0x69,0x67,0x6e,0x61,0x6c,0x20,0x65,0x78,0x69,0x74,0x28,
  0x29,0xa,0xa,0x20,0x20,0x20,0x20,0x77,0x69,0x64,0x74,0x68,0x3a,0x20,0x70,0x61,
  0x72,0x65,0x6e,0x74,0x20,0x3f,0x20,0x70,0x61,0x72,0x65,0x6e,0x74,0x2e,0x77,0x69,
  0x64,0x74,0x68,0x20,0x2a,0x20,0x30,0x2e,0x37,0x35,0x20,0x3a,0x20,0x33,0x30,0x30,
  0xa,0x20,0x20,0x20,0x20,0x68,0x65,0x69,0x67,0x68,0x74,0x3a,0x20,0x70,0x61,0x72,
  0x65,0x6e,0x74,0x20,0x3f,0x20,0x70,0x61,0x72,0x65,0x6e,0x74,0x2e,0x68,0x65,0x69,
  0x67,0x68,0x74,0x20,0x3a,0x20,0x30,0xa,0x20,0x20,0x20,0x20,0x78,0x3a,0x20,0x6f,
  0x70,0x65,0x6e,0x20,0x3f,0x20,0x30,0x20,0x3a,0x20,0x2d,0x77,0x69,0x64,0x74,0x68,
  0xa,0x20,0x20,0x20,0x20,0x63,0x6f,0x6c,0x6f,0x72,0x3a,0x20,0x22,0x23,0x66,0x66,
  0x66,0x66,0x66,0x66,0x22,0xa,0x20,0x20,0x20,0x20,0x7a,0x3a,0x20,0x31,0x30,0x30,
  0xa,0xa,0x20,0x20,0x20,0x20,0x42,0x65,0x68,0x61,0x76,0x69,0x6f,0x72,0x20,0x6f,
  0x6e,0x20,0x78,0x20,0x7b,0x20,0x4e,0x75,0x6d,0x62,0x65,0x72,0x41,0x6e,0x69,0x6d,
  0x61,0x74,0x69,0x6f,0x6e,0x20,0x7b,0x20,0x64,0x75,0x72,0x61,0x74,0x69,0x6f,0x6e,
  0x3a,0x20,0x32,0x30,0x30,0x3b,0x20,0x65,0x61,0x73,0x69,0x6e,0x67,0x2e,0x74,0x79,
  0x70,0x65,0x3a,0x20,0x45,0x61,0x73,0x69,0x6e,0x67,0x2e,0x49,0x6e,0x4f,0x75,0x74,
  0x51,0x75,0x61,0x64,0x20,0x7d,0x20,0x7d,0xa,0xa,0x20,0x20,0x20,0x20,0x43,0x6f,
  0x6c,0x75,0x6d,0x6e,0x4c,0x61,0x79,0x6f,0x75,0x74,0x20,0x7b,0xa,0x20,0x20,0x20,
  0x20,0x20,0x20,0x20,0x20,0x61,0x6e,0x63,0x68,0x6f,0x72,0x73,0x2e,0x66,0x69,0x6c,
  0x6c,0x3a,0x20,0x70,0x61,0x72,0x65,0x6e,0x74,0x3b,0x20,0x73,0x70,0x61,0x63,0x69,
  0x6e,0x67,0x3a,0x20,0x30,0xa,0xa,0x20,0x20,0x20,0x20,0x20,0x20,0x20,0x20,0x2f,
  0x2f,0x20,0x48,0x65,0x61,0x64,0x65,0x72,0xa,0x20,0x20,0x20,0x20,0x20,0x20,0x20,
  0x20,0x52,0x65,0x63,0x74,0x61,0x6e,0x67,0x6c,0x65,0x20,0x7b,0xa,0x20,0x20,0x20,
  0x20,0x20,0x20,0x20,0x20,0x20,0x20,0x20,0x20,0x4c,0x61,0x79,0x6f,0x75,0x74,0x2e,
  0x66,0x69,0x6c,0x6c,0x57,0x69,0x64,0x74,0x68,0x3a,0x20,0x74,0x72,0x75,0x65,0x3b,
  0x20,0x68,0x65,0x69,0x67,0x68,0x74,0x3a,0x20,0x35,0x36,0x3b,0x20,0x63,0x6f,0x6c,
  0x6f,0x72,0x3a,0x20,0x22,0x23,0x33,0x62,0x38,0x32,0x66,0x36,0x22,0xa,0x20,0x20,
  0x20,0x20,0x20,0x20,0x20,0x20,0x20,0x20,0x20,0x20,0x54,0x65,0x78,0x74,0x20,0x7b,
  0xa,0x20,0x20,0x20,0x20,0x20,0x20,0x20,0x20,0x20,0x20,0x20,0x20,0x20,0x20,0x20,
  0x20,0x61,0x6e,0x63,0x68,0x6f,0x72,0x73,0x2e,0x6c,0x65,0x66,0x74,0x3a,0x20,0x70,
  0x61,0x72,0x65,0x6e,0x74,0x2e,0x6c,0x65,0x66,0x74,0x3b,0x20,0x61,0x6e,0x63,0x68,
  0x6f,0x72,0x73,0x2e,0x6c,0x65,0x66,0x74,0x4d,0x61,0x72,0x67,0x69,0x6e,0x3a,0x20,
  0x32,0x30,0xa,0x20,0x20,0x20,0x20,0x20,0x20,0x20,0x20,0x20,0x20,0x20,0x20,0x20,
  0x20,0x20,0x20,0x61,0x6e,0x63,0x68,0x6f,0x72,0x73,0x2e,0x76,0x65,0x72,0x74,0x69,
  0x63,0x61,0x6c,0x43,0x65,0x6e,0x74,0x65,0x72,0x3a,0x20,0x70,0x61,0x72,0x65,0x6e,
  0x74,0x2e,0x76,0x65,0x72,0x74,0x69,0x63,0x61,0x6c,0x43,0x65,0x6e,0x74,0x65,0x72,
  0xa,0x20,0x20,0x20,0x20,0x20,0x20,0x20,0x20,0x20,0x20,0x20,0x20,0x20,0x20,0x20,
  0x20,0x74,0x65,0x78,0x74,0x3a,0x20,0x41,0x70,0x70,0x2e,0x6e,0x61,0x6d,0x65,0x28,
  0x29,0xa,0x20,0x20,0x20,0x20,0x20,0x20,0x20,0x20,0x20,0x20,0x20,0x20,0x20,0x20,
  0x20,0x20,0x66,0x6f,0x6e,0x74,0x2e,0x70,0x69,0x78,0x65,0x6c,0x53,0x69,0x7a,0x65,
  0x3a,0x20,0x31,0x38,0x3b,0x20,0x66,0x6f,0x6e,0x74,0x2e,0x62,0x6f,0x6c,0x64,0x3a,
  0x20,0x74,0x72,0x75,0x65,0x3b,0x20,0x63,0x6f,0x6c,0x6f,0x72,0x3a,0x20,0x22,0x23,
  0x66,0x66,0x66,0x66,0x66,0x66,0x22,0xa,0x20,0x20,0x20,0x20,0x20,0x20,0x20,0x20,
  0x20,0x20,0x20,0x20,0x7d,0xa,0x20,0x20,0x20,0x20,0x20,0x20,0x20,0x20,0x7d,0xa,
  0xa,0x20,0x20,0x20,0x20,0x20,0x20,0x20,0x20,0x52,0x65,0x63,0x74,0x61,0x6e,0x67,
  0x6c,0x65,0x20,0x7b,0x20,0x4c,0x61,0x79,0x6f,0x75,0x74,0x2e,0x66,0x69,0x6c,0x6c,
  0x57,0x69,0x64,0x74,0x68,0x3a,0x20,0x74,0x72,0x75,0x65,0x3b,0x20,0x68,0x65,0x69,
  0x67,0x68,0x74,0x3a,0x20,0x31,0x3b,0x20,0x63,0x6f,0x6c,0x6f,0x72,0x3a,0x20,0x22,
  0x23,0x65,0x30,0x65,0x30,0x65,0x30,0x22,0x20,0x7d,0xa,0xa,0x20,0x20,0x20,0x20,
  0x20,0x20,0x20,0x20,0x2f,0x2f,0x20,0x4d,0x65,0x6e,0x75,0x20,0x69,0x74,0x65,0x6d,
  0x73,0xa,0x20,0x20,0x20,0x20,0x20,0x20,0x20,0x20,0x52,0x65,0x70,0x65,0x61,0x74,
  0x65,0x72,0x20,0x7b,0xa,0x20,0x20,0x20,0x20,0x20,0x20,0x20,0x20,0x20,0x20,0x20,
  0x20,0x6d,0x6f,0x64,0x65,0x6c,0x3a,0x20,0x4c,0x69,0x73,0x74,0x4d,0x6f,0x64,0x65,
  0x6c,0x20,0x7b,0xa,0x20,0x20,0x20,0x20,0x20,0x20,0x20,0x20,0x20,0x20,0x20,0x20,
  0x20,0x20,0x20,0x20,0x4c,0x69,0x73,0x74,0x45,0x6c,0x65,0x6d,0x65,0x6e,0x74,0x20,
  0x7b,0x20,0x6c,0x61,0x62,0x65,0x6c,0x3a,0x20,0x22,0x4e,0x75,0x65,0x76,0x6f,0x20,
  0x54,0x6f,0x70,0x69,0x63,0x22,0x3b,0x20,0x20,0x20,0x20,0x69,0x63,0x6f,0x6e,0x3a,
  0x20,0x22,0x2b,0x22,0x20,0x7d,0xa,0x20,0x20,0x20,0x20,0x20,0x20,0x20,0x20,0x20,
  0x20,0x20,0x20,0x20,0x20,0x20,0x20,0x4c,0x69,0x73,0x74,0x45,0x6c,0x65,0x6d,0x65,
  0x6e,0x74,0x20,0x7b,0x20,0x6c,0x61,0x62,0x65,0x6c,0x3a,0x20,0x22,0x41,0x62,0x72,
  0x69,0x72,0x20,0x54,0x6f,0x70,0x69,0x63,0x22,0x3b,0x20,0x20,0x20,0x20,0x69,0x63,
  0x6f,0x6e,0x3a,0x20,0x22,0x5c,0x75,0x32,0x31,0x39,0x31,0x22,0x20,0x7d,0xa,0x20,
  0x20,0x20,0x20,0x20,0x20,0x20,0x20,0x20,0x20,0x20,0x20,0x20,0x20,0x20,0x20,0x4c,
  0x69,0x73,0x74,0x45,0x6c,0x65,0x6d,0x65,0x6e,0x74,0x20,0x7b,0x20,0x6c,0x61,0x62,
  0x65,0x6c,0x3a,0x20,0x22,0x45,0x73,0x74,0x61,0x64,0xc3,0xad,0x73,0x74,0x69,0x63,
  0x61,0x73,0x22,0x3b,0x20,0x20,0x20,0x69,0x63,0x6f,0x6e,0x3a,0x20,0x22,0x23,0x22,
  0x20,0x7d,0xa,0x20,0x20,0x20,0x20,0x20,0x20,0x20,0x20,0x20,0x20,0x20,0x20,0x20,
  0x20,0x20,0x20,0x4c,0x69,0x73,0x74,0x45,0x6c,0x65,0x6d,0x65,0x6e,0x74,0x20,0x7b,
  0x20,0x6c,0x61,0x62,0x65,0x6c,0x3a,0x20,0x22,0x43,0x6f,0x6e,0x66,0x69,0x67,0x75,
  0x72,0x61,0x63,0x69,0xc3,0xb3,0x6e,0x22,0x3b,0x20,0x20,0x69,0x63,0x6f,0x6e,0x3a,
  0x20,0x22,0x2a,0x22,0x20,0x7d,0xa,0x20,0x20,0x20,0x20,0x20,0x20,0x20,0x20,0x20,
  0x20,0x20,0x20,0x20,0x20,0x20,0x20,0x4c,0x69,0x73,0x74,0x45,0x6c,0x65,0x6d,0x65,
  0x6e,0x74,0x20,0x7b,0x20,0x6c,0x61,0x62,0x65,0x6c,0x3a,0x20,0x22,0x41,0x63,0x65,
  0x72,0x63,0x61,0x20,0x64,0x65,0x2e,0x2e,0x2e,0x22,0x3b,0x20,0x20,0x20,0x69,0x63,
  0x6f,0x6e,0x3a,0x20,0x22,0x3f,0x22,0x20,0x7d,0xa,0x20,0x20,0x20,0x20,0x20,0x20,
  0x20,0x20,0x20,0x20,0x20,0x20,0x20,0x20,0x20,0x20,0x4c,0x69,0x73,0x74,0x45,0x6c,
  0x65,0x6d,0x65,0x6e,0x74,0x20,0x7b,0x20,0x6c,0x61,0x62,0x65,0x6c,0x3a,0x20,0x22,
  0x53,0x61,0x6c,0x69,0x72,0x22,0x3b,0x20,0x20,0x20,0x20,0x20,0x20,0x20,0x20,0x20,
  0x20,0x69,0x63,0x6f,0x6e,0x3a,0x20,0x22,0x78,0x22,0x20,0x7d,0xa,0x20,0x20,0x20,
  0x20,0x20,0x20,0x20,0x20,0x20,0x20,0x20,0x20,0x7d,0xa,0x20,0x20,0x20,0x20,0x20,
  0x20,0x20,0x20,0x20,0x20,0x20,0x20,0x64,0x65,0x6c,0x65,0x67,0x61,0x74,0x65,0x3a,
  0x20,0x52,0x65,0x63,0x74,0x61,0x6e,0x67,0x6c,0x65,0x20,0x7b,0xa,0x20,0x20,0x20,
  0x20,0x20,0x20,0x20,0x20,0x20,0x20,0x20,0x20,0x20,0x20,0x20,0x20,0x4c,0x61,0x79,
  0x6f,0x75,0x74,0x2e,0x66,0x69,0x6c,0x6c,0x57,0x69,0x64,0x74,0x68,0x3a,0x20,0x74,
  0x72,0x75,0x65,0x3b,0x20,0x68,0x65,0x69,0x67,0x68,0x74,0x3a,0x20,0x34,0x38,0xa,
  0x20,0x20,0x20,0x20,0x20,0x20,0x20,0x20,0x20,0x20,0x20,0x20,0x20,0x20,0x20,0x20,
  0x63,0x6f,0x6c,0x6f,0x72,0x3a,0x20,0x69,0x74,0x65,0x6d,0x4d,0x6f,0x75,0x73,0x65,
  0x2e,0x70,0x72,0x65,0x73,0x73,0x65,0x64,0x20,0x3f,0x20,0x22,0x23,0x66,0x30,0x66,
  0x34,0x66,0x66,0x22,0x20,0x3a,0x20,0x22,0x74,0x72,0x61,0x6e,0x73,0x70,0x61,0x72,
  0x65,0x6e,0x74,0x22,0xa,0xa,0x20,0x20,0x20,0x20,0x20,0x20,0x20,0x20,0x20,0x20,
  0x20,0x20,0x20,0x20,0x20,0x20,0x52,0x6f,0x77,0x4c,0x61,0x79,0x6f,0x75,0x74,0x20,
  0x7b,0xa,0x20,0x20,0x20,0x20,0x20,0x20,0x20,0x20,0x20,0x20,0x20,0x20,0x20,0x20,
  0x20,0x20,0x20,0x20,0x20,0x20,0x61,0x6e,0x63,0x68,0x6f,0x72,0x73,0x2e,0x66,0x69,
  0x6c,0x6c,0x3a,0x20,0x70,0x61,0x72,0x65,0x6e,0x74,0x3b,0x20,0x61,0x6e,0x63,0x68,
  0x6f,0x72,0x73,0x2e,0x6c,0x65,0x66,0x74,0x4d,0x61,0x72,0x67,0x69,0x6e,0x3a,0x20,
  0x32,0x30,0x3b,0x20,0x61,0x6e,0x63,0x68,0x6f,0x72,0x73,0x2e,0x72,0x69,0x67,0x68,
  0x74,0x4d,0x61,0x72,0x67,0x69,0x6e,0x3a,0x20,0x32,0x30,0xa,0x20,0x20,0x20,0x20,
  0x20,0x20,0x20,0x20,0x20,0x20,0x20,0x20,0x20,0x20,0x20,0x20,0x20,0x20,0x20,0x20,
  0x54,0x65,0x78,0x74,0x20,0x7b,0x20,0x74,0x65,0x78,0x74,0x3a,0x20,0x6d,0x6f,0x64,
  0x65,0x6c,0x2e,0x69,0x63,0x6f,0x6e,0x3b,0x20,0x66,0x6f,0x6e,0x74,0x2e,0x70,0x69,
  0x78,0x65,0x6c,0x53,0x69,0x7a,0x65,0x3a,0x20,0x31,0x36,0x3b,0x20,0x63,0x6f,0x6c,
  0x6f,0x72,0x3a,0x20,0x22,0x23,0x38,0x38,0x38,0x22,0x3b,0x20,0x77,0x69,0x64,0x74,
  0x68,0x3a,0x20,0x32,0x34,0x20,0x7d,0xa,0x20,0x20,0x20,0x20,0x20,0x20,0x20,0x20,
  0x20,0x20,0x20,0x20,0x20,0x20,0x20,0x20,0x20,0x20,0x20,0x20,0x54,0x65,0x78,0x74,
  0x20,0x7b,0x20,0x74,0x65,0x78,0x74,0x3a,0x20,0x6d,0x6f,0x64,0x65,0x6c,0x2e,0x6c,
  0x61,0x62,0x65,0x6c,0x3b,0x20,0x66,0x6f,0x6e,0x74,0x2e,0x70,0x69,0x78,0x65,0x6c,
  0x53,0x69,0x7a,0x65,0x3a,0x20,0x31,0x34,0x3b,0x20,0x63,0x6f,0x6c,0x6f,0x72,0x3a,
  0x20,0x22,0x23,0x33,0x33,0x33,0x22,0x3b,0x20,0x4c,0x61,0x79,0x6f,0x75,0x74,0x2e,
  0x66,0x69,0x6c,0x6c,0x57,0x69,0x64,0x74,0x68,0x3a,0x20,0x74,0x72,0x75,0x65,0x20,
  0x7d,0xa,0x20,0x20,0x20,0x20,0x20,0x20,0x20,0x20,0x20,0x20,0x20,0x20,0x20,0x20,
  0x20,0x20,0x7d,0xa,0xa,0x20,0x20,0x20,0x20,0x20,0x20,0x20,0x20,0x20,0x20,0x20,
  0x20,0x20,0x20,0x20,0x20,0x4d,0x6f,0x75,0x73,0x65,0x41,0x72,0x65,0x61,0x20,0x7b,
  0xa,0x20,0x20,0x20,0x20,0x20,0x20,0x20,0x20,0x20,0x20,0x20,0x20,0x20,0x20,0x20,
  0x20,0x20,0x20,0x20,0x20,0x69,0x64,0x3a,0x20,0x69,0x74,0x65,0x6d,0x4d,0x6f,0x75,
  0x73,0x65,0x3b,0x20,0x61,0x6e,0x63,0x68,0x6f,0x72,0x73,0x2e,0x66,0x69,0x6c,0x6c,
  0x3a,0x20,0x70,0x61,0x72,0x65,0x6e,0x74,0xa,0x20,0x20,0x20,0x20,0x20,0x20,0x20,
  0x20,0x20,0x20,0x20,0x20,0x20,0x20,0x20,0x20,0x20,0x20,0x20,0x20,0x6f,0x6e,0x43,
  0x6c,0x69,0x63,0x6b,0x65,0x64,0x3a,0x20,0x7b,0xa,0x20,0x20,0x20,0x20,0x20,0x20,
  0x20,0x20,0x20,0x20,0x20,0x20,0x20,0x20,0x20,0x20,0x20,0x20,0x20,0x20,0x20,0x20,
  0x20,0x20,0x64,0x72,0x61,0x77,0x65,0x72,0x2e,0x63,0x6c,0x6f,0x73,0x65,0x28,0x29,
  0xa,0x20,0x20,0x20,0x20,0x20,0x20,0x20,0x20,0x20,0x20,0x20,0x20,0x20,0x20,0x20,
  0x20,0x20,0x20,0x20,0x20,0x20,0x20,0x20,0x20,0x69,0x66,0x20,0x28,0x69,0x6e,0x64,
  0x65,0x78,0x20,0x3d,0x3d,0x3d,0x20,0x30,0x29,0x20,0x64,0x72,0x61,0x77,0x65,0x72,
  0x2e,0x6e,0x65,0x77,0x54,0x6f,0x70,0x69,0x63,0x28,0x29,0xa,0x20,0x20,0x20,0x20,
  0x20,0x20,0x20,0x20,0x20,0x20,0x20,0x20,0x20,0x20,0x20,0x20,0x20,0x20,0x20,0x20,
  0x20,0x20,0x20,0x20,0x65,0x6c,0x73,0x65,0x20,0x69,0x66,0x20,0x28,0x69,0x6e,0x64,
  0x65,0x78,0x20,0x3d,0x3d,0x3d,0x20,0x31,0x29,0x20,0x64,0x72,0x61,0x77,0x65,0x72,
  0x2e,0x69,0x6d,0x70,0x6f,0x72,0x74,0x54,0x6f,0x70,0x69,0x63,0x28,0x29,0xa,0x20,
  0x20,0x20,0x20,0x20,0x20,0x20,0x20,0x20,0x20,0x20,0x20,0x20,0x20,0x20,0x20,0x20,
  0x20,0x20,0x20,0x20,0x20,0x20,0x20,0x65,0x6c,0x73,0x65,0x20,0x69,0x66,0x20,0x28,
  0x69,0x6e,0x64,0x65,0x78,0x20,0x3d,0x3d,0x3d,0x20,0x32,0x29,0x20,0x64,0x72,0x61,
  0x77,0x65,0x72,0x2e,0x73,0x74,0x61,0x74,0x69,0x73,0x74,0x69,0x63,0x73,0x28,0x29,
  0xa,0x20,0x20,0x20,0x20,0x20,0x20,0x20,0x20,0x20,0x20,0x20,0x20,0x20,0x20,0x20,
  0x20,0x20,0x20,0x20,0x20,0x20,0x20,0x20,0x20,0x65,0x6c,0x73,0x65,0x20,0x69,0x66,
  0x20,0x28,0x69,0x6e,0x64,0x65,0x78,0x20,0x3d,0x3d,0x3d,0x20,0x33,0x29,0x20,0x64,
  0x72,0x61,0x77,0x65,0x72,0x2e,0x63,0x6f,0x6e,0x66,0x69,0x67,0x28,0x29,0xa,0x20,
  0x20,0x20,0x20,0x20,0x20,0x20,0x20,0x20,0x20,0x20,0x20,0x20,0x20,0x20,0x20,0x20,
  0x20,0x20,0x20,0x20,0x20,0x20,0x20,0x65,0x6c,0x73,0x65,0x20,0x69,0x66,0x20,0x28,
  0x69,0x6e,0x64,0x65,0x78,0x20,0x3d,0x3d,0x3d,0x20,0x34,0x29,0x20,0x64,0x72,0x61,
  0x77,0x65,0x72,0x2e,0x61,0x62,0x6f,0x75,0x74,0x28,0x29,0xa,0x20,0x20,0x20,0x20,
  0x20,0x20,0x20,0x20,0x20,0x20,0x20,0x20,0x20,0x20,0x20,0x20,0x20,0x20,0x20,0x20,
  0x20,0x20,0x20,0x20,0x65,0x6c,0x73,0x65,0x20,0x69,0x66,0x20,0x28,0x69,0x6e,0x64,
  0x65,0x78,0x20,0x3d,0x3d,0x3d,0x20,0x35,0x29,0x20,0x64,0x72,0x61,0x77,0x65,0x72,
  0x2e,0x65,0x78,0x69,0x74,0x28,0x29,0xa,0x20,0x20,0x20,0x20,0x20,0x20,0x20,0x20,
  0x20,0x20,0x20,0x20,0x20,0x20,0x20,0x20,0x20,0x20,0x20,0x20,0x7d,0xa,0x20,0x20,
  0x20,0x20,0x20,0x20,0x20,0x20,0x20,0x20,0x20,0x20,0x20,0x20,0x20,0x20,0x7d,0xa,
  0x20,0x20,0x20,0x20,0x20,0x20,0x20,0x20,0x20,0x20,0x20,0x20,0x7d,0xa,0x20,0x20,
  0x20,0x20,0x20,0x20,0x20,0x20,0x7d,0xa,0xa,0x20,0x20,0x20,0x20,0x20,0x20,0x20,
  0x20,0x49,0x74,0x65,0x6d,0x20,0x7b,0x20,0x4c,0x61,0x79,0x6f,0x75,0x74,0x2e,0x66,
  0x69,0x6c,0x6c,0x48,0x65,0x69,0x67,0x68,0x74,0x3a,0x20,0x74,0x72,0x75,0x65,0x20,
  0x7d,0xa,0xa,0x20,0x20,0x20,0x20,0x20,0x20,0x20,0x20,0x2f,0x2f,0x20,0x56,0x65,
  0x72,0x73,0x69,0x6f,0x6e,0xa,0x20,0x20,0x20,0x20,0x20,0x20,0x20,0x20,0x54,0x65,
  0x78,0x74,0x20,0x7b,0xa,0x20,0x20,0x20,0x20,0x20,0x20,0x20,0x20,0x20,0x20,0x20,
  0x20,0x4c,0x61,0x79,0x6f,0x75,0x74,0x2e,0x61,0x6c,0x69,0x67,0x6e,0x6d,0x65,0x6e,
  0x74,0x3a,0x20,0x51,0x74,0x2e,0x41,0x6c,0x69,0x67,0x6e,0x48,0x43,0x65,0x6e,0x74,
  0x65,0x72,0xa,0x20,0x20,0x20,0x20,0x20,0x20,0x20,0x20,0x20,0x20,0x20,0x20,0x74,
  0x65,0x78,0x74,0x3a,0x20,0x22,0x76,0x22,0x20,0x2b,0x20,0x41,0x70,0x70,0x2e,0x76,
  0x65,0x72,0x73,0x69,0x6f,0x6e,0x28,0x29,0xa,0x20,0x20,0x20,0x20,0x20,0x20,0x20,
  0x20,0x20,0x20,0x20,0x20,0x66,0x6f,0x6e,0x74,0x2e,0x70,0x69,0x78,0x65,0x6c,0x53,
  0x69,0x7a,0x65,0x3a,0x20,0x31,0x30,0x3b,0x20,0x63,0x6f,0x6c,0x6f,0x72,0x3a,0x20,
  0x22,0x23,0x62,0x62,0x62,0x22,0xa,0x20,0x20,0x20,0x20,0x20,0x20,0x20,0x20,0x7d,
  0xa,0xa,0x20,0x20,0x20,0x20,0x20,0x20,0x20,0x20,0x49,0x74,0x65,0x6d,0x20,0x7b,
  0x20,0x68,0x65,0x69,0x67,0x68,0x74,0x3a,0x20,0x31,0x32,0x20,0x7d,0xa,0x20,0x20,
  0x20,0x20,0x7d,0xa,0xa,0x20,0x20,0x20,0x20,0x2f,0x2f,0x20,0x42,0x61,0x63,0x6b,
  0x64,0x72,0x6f,0x70,0xa,0x20,0x20,0x20,0x20,0x52,0x65,0x63,0x74,0x61,0x6e,0x67,
  0x6c,0x65,0x20,0x7b,0xa,0x20,0x20,0x20,0x20,0x20,0x20,0x20,0x20,0x61,0x6e,0x63,
  0x68,0x6f,0x72,0x73,0x2e,0x6c,0x65,0x66,0x74,0x3a,0x20,0x64,0x72,0x61,0x77,0x65,
  0x72,0x2e,0x72,0x69,0x67,0x68,0x74,0x3b,0x20,0x61,0x6e,0x63,0x68,0x6f,0x72,0x73,
  0x2e,0x72,0x69,0x67,0x68,0x74,0x3a,0x20,0x70,0x61,0x72,0x65,0x6e,0x74,0x2e,0x72,
  0x69,0x67,0x68,0x74,0x3b,0x20,0x61,0x6e,0x63,0x68,0x6f,0x72,0x73,0x2e,0x74,0x6f,
  0x70,0x3a,0x20,0x70,0x61,0x72,0x65,0x6e,0x74,0x2e,0x74,0x6f,0x70,0x3b,0x20,0x61,
  0x6e,0x63,0x68,0x6f,0x72,0x73,0x2e,0x62,0x6f,0x74,0x74,0x6f,0x6d,0x3a,0x20,0x70,
  0x61,0x72,0x65,0x6e,0x74,0x2e,0x62,0x6f,0x74,0x74,0x6f,0x6d,0xa,0x20,0x20,0x20,
  0x20,0x20,0x20,0x20,0x20,0x63,0x6f,0x6c,0x6f,0x72,0x3a,0x20,0x22,0x23,0x30,0x30,
  0x30,0x30,0x30,0x30,0x34,0x30,0x22,0xa,0x20,0x20,0x20,0x20,0x20,0x20,0x20,0x20,
  0x76,0x69,0x73,0x69,0x62,0x6c,0x65,0x3a,0x20,0x64,0x72,0x61,0x77,0x65,0x72,0x2e,
  0x6f,0x70,0x65,0x6e,0xa,0x20,0x20,0x20,0x20,0x20,0x20,0x20,0x20,0x4d,0x6f,0x75,
  0x73,0x65,0x41,0x72,0x65,0x61,0x20,0x7b,0x20,0x61,0x6e,0x63,0x68,0x6f,0x72,0x73,
  0x2e,0x66,0x69,0x6c,0x6c,0x3a,0x20,0x70,0x61,0x72,0x65,0x6e,0x74,0x3b,0x20,0x6f,
  0x6e,0x43,0x6c,0x69,0x63,0x6b,0x65,0x64,0x3a,0x20,0x64,0x72,0x61,0x77,0x65,0x72,
  0x2e,0x63,0x6c,0x6f,0x73,0x65,0x28,0x29,0x20,0x7d,0xa,0x20,0x20,0x20,0x20,0x7d,
  0xa,0x7d,0xa,
    // PlayDialog.qml
  0x0,0x0,0x2,0x92,
  0x0,
  0x0,0x9,0xed,0x78,0xda,0xbd,0x56,0xcd,0x8e,0xd3,0x30,0x10,0xbe,0xe7,0x29,0xac,
  0x72,0x81,0x3,0x69,0x9b,0xb4,0x21,0xa4,0xa7,0xaa,0x8,0xed,0x4a,0xa0,0x65,0x17,
  0x24,0xce,0x6e,0x32,0x49,0x2c,0x5c,0x3b,0xb2,0x13,0xba,0xc0,0x56,0xda,0x87,0x58,
  0xc1,0x99,0x67,0x40,0xe2,0x5,0xf6,0x4d,0xfa,0x24,0xd8,0x69,0x9b,0x9f,0x36,0x6d,
  0xda,0xdd,0x15,0x13,0x45,0xb1,0x1d,0x7b,0x66,0xbe,0x6f,0x66,0x6c,0x77,0xbb,0xe8,
  0xad,0xf3,0x72,0xec,0xa1,0x37,0xe4,0xfe,0x37,0xe5,0x11,0x47,0x1,0xa0,0x2b,0x48,
  0x4,0xf,0x32,0xdf,0x27,0xf7,0x7f,0x18,0x5a,0xde,0xde,0xa1,0x84,0x62,0x1f,0x62,
  0x4e,0x3,0x10,0xc8,0xe7,0x4c,0xbf,0xa9,0xe0,0x14,0x24,0xfa,0x4a,0x64,0x86,0x55,
  0xc3,0x34,0xc8,0x2c,0xe1,0x22,0x45,0x97,0xe9,0x65,0x46,0xfc,0x2f,0x5b,0x5d,0xf3,
  0x1d,0xfe,0xc6,0xb3,0x54,0x1a,0xc6,0x15,0xf8,0x29,0x66,0x11,0x5,0xf4,0xc3,0x40,
  0x4a,0x48,0xe0,0xa1,0x80,0x60,0x65,0x3b,0xef,0xfa,0x9c,0x72,0xe1,0xa1,0xce,0xb3,
  0x5e,0x2e,0x6e,0xaf,0x93,0xf,0x4b,0x12,0x31,0x4c,0x91,0x4f,0xb9,0x84,0xe7,0x2f,
  0x8c,0x7c,0x6c,0x5b,0x93,0x16,0xcc,0xfc,0x98,0xb,0x69,0x86,0x84,0x52,0xf,0x25,
  0x58,0x0,0x4b,0x47,0xc5,0xe8,0xc,0x8b,0x88,0x30,0xe9,0x21,0xdb,0x2a,0x56,0x14,
  0x6,0xc3,0x5c,0x3a,0x23,0x24,0x70,0x40,0x32,0x35,0xa9,0x6f,0x19,0xc5,0xac,0x9,
  0xa7,0xd9,0x8c,0xad,0x40,0x54,0xcc,0x9d,0x60,0xd2,0xea,0x8d,0x90,0x4c,0xb0,0x4f,
  0x58,0x54,0x57,0xad,0xe5,0x13,0x5c,0x2b,0xb5,0x28,0x55,0x1f,0xe5,0xca,0x86,0x7f,
  0x22,0x94,0x37,0xa1,0xa2,0xda,0x4c,0xc8,0x35,0xd0,0x8f,0xe4,0x3b,0xa8,0xa5,0xee,
  0x7a,0x6c,0xaa,0xc2,0xe1,0xa1,0x54,0x64,0x30,0x2a,0x41,0xd8,0xb6,0xad,0xd6,0xac,
  0xfc,0xcc,0x3d,0xfa,0x4c,0x82,0x34,0x5e,0x4d,0x43,0x8b,0xba,0xd1,0xa,0x7f,0x7b,
  0x56,0x8c,0x50,0xc,0x24,0x8a,0x95,0x4f,0xfd,0x8a,0xd,0xe8,0xe9,0xa7,0xb3,0xad,
  0xae,0xdb,0x45,0x93,0x4c,0x68,0xf4,0x88,0xa4,0x30,0xab,0xfd,0x3b,0x40,0x9f,0x96,
  0x7d,0xd6,0xb,0xbe,0x6,0x3b,0x4b,0xf6,0x30,0x6,0x2c,0xe0,0x5e,0x13,0x6b,0x56,
  0x5,0x80,0xeb,0xba,0xda,0xfb,0xc3,0x2a,0x63,0xa0,0x94,0xe7,0xc9,0xaf,0xf2,0x1e,
  0x37,0xa9,0x74,0xda,0x2,0xb1,0x65,0xa3,0x81,0xaf,0x55,0x19,0xc9,0x6a,0x7d,0xd5,
  0x43,0xc4,0xe7,0x27,0x93,0xb6,0x1e,0xc7,0x54,0x95,0xcc,0x4c,0x45,0xc3,0x53,0x35,
  0x68,0x8e,0x75,0xef,0x6c,0xa2,0xba,0x20,0x2a,0xbc,0x5a,0xbb,0xc4,0x56,0xb3,0x62,
  0xbe,0xd2,0x3b,0x70,0xcb,0x44,0xd0,0xed,0x4d,0x81,0x58,0x83,0xa,0xe0,0x70,0xa8,
  0x9f,0xce,0x8e,0xbe,0xa,0xb3,0x9b,0x9a,0xf0,0x73,0x37,0xce,0x59,0x59,0x2d,0x6b,
  0xce,0x6f,0x96,0xbf,0x6e,0xf7,0x30,0x5d,0xd8,0x71,0x1c,0xa7,0x29,0x78,0x8b,0x63,
  0x80,0x38,0x83,0x12,0x88,0x6e,0x6f,0x80,0xd8,0xd5,0xec,0xb0,0xa7,0xae,0x15,0x3a,
  0x8f,0x3,0xb2,0xfc,0xf9,0xb7,0x1,0x87,0xde,0x2,0x36,0x66,0xe6,0xb1,0x2a,0x92,
  0x7,0x3,0xf9,0x6f,0x11,0x51,0x40,0x6e,0x9e,0x24,0x22,0xbb,0xc9,0x7f,0x91,0xa4,
  0x84,0x33,0xb9,0x2f,0xdf,0xdb,0x37,0x85,0xbe,0x75,0x90,0xaa,0xb6,0x2d,0xcd,0x76,
  0x4a,0xde,0x9e,0x9a,0xb6,0xf,0x98,0xe2,0xa9,0xc0,0xb2,0x6d,0x27,0x1a,0xe,0x87,
  0xa7,0xe7,0xc0,0x43,0x81,0x81,0x1b,0xe,0xe1,0xf5,0xe3,0x80,0x5d,0x8,0x45,0x3e,
  0x67,0xd0,0x8a,0xcc,0x82,0x57,0x81,0x6d,0x9d,0x9c,0x17,0xe7,0xea,0xe4,0xa8,0x43,
  0x3c,0x5b,0xa3,0x6a,0x39,0xc1,0x8e,0xde,0x1e,0x8b,0xb2,0xe9,0x95,0x2c,0x39,0x47,
  0x84,0xff,0x58,0x86,0x26,0x20,0x4,0x6e,0x3c,0xb8,0xed,0xf6,0x9a,0x79,0xcf,0x33,
  0x9,0x63,0x1,0xb8,0x62,0xa9,0x7e,0xaf,0xe0,0x6c,0x42,0xd5,0x7d,0xa,0x8a,0x5b,
  0x93,0xb9,0xbe,0x13,0xed,0xf0,0x5a,0x6f,0x2d,0x8c,0x85,0xf1,0xf,0xeb,0x9f,0xd0,
  0xb9,
    // NotesView.qml
  0x0,0x0,0x6,0x77,
  0x2f,
  0x2f,0x20,0x46,0x36,0x2d,0x43,0x2e,0x30,0x3a,0x20,0x56,0x69,0x73,0x74,0x61,0x20,
  0x22,0x4e,0x6f,0x74,0x61,0x73,0x22,0x20,0xe2,0x80,0x94,0x20,0x65,0x64,0x69,0x74,
  0x6f,0x72,0x20,0x72,0x65,0x61,0x6c,0x20,0x64,0x65,0x6c,0x20,0x74,0x6f,0x70,0x69,
  0x63,0x20,0x61,0x63,0x74,0x69,0x76,0x6f,0x2e,0xa,0x69,0x6d,0x70,0x6f,0x72,0x74,
  0x20,0x51,0x74,0x51,0x75,0x69,0x63,0x6b,0xa,0x69,0x6d,0x70,0x6f,0x72,0x74,0x20,
  0x51,0x74,0x51,0x75,0x69,0x63,0x6b,0x2e,0x43,0x6f,0x6e,0x74,0x72,0x6f,0x6c,0x73,
  0xa,0x69,0x6d,0x70,0x6f,0x72,0x74,0x20,0x51,0x74,0x51,0x75,0x69,0x63,0x6b,0x2e,
  0x4c,0x61,0x79,0x6f,0x75,0x74,0x73,0xa,0x69,0x6d,0x70,0x6f,0x72,0x74,0x20,0x49,
  0x64,0x69,0x6f,0x6d,0x69,0x6e,0x64,0x20,0x31,0x2e,0x30,0xa,0xa,0x52,0x65,0x63,
  0x74,0x61,0x6e,0x67,0x6c,0x65,0x20,0x7b,0xa,0x20,0x20,0x20,0x20,0x63,0x6f,0x6c,
  0x6f,0x72,0x3a,0x20,0x22,0x23,0x66,0x61,0x66,0x61,0x66,0x61,0x22,0xa,0xa,0x20,
  0x20,0x20,0x20,0x70,0x72,0x6f,0x70,0x65,0x72,0x74,0x79,0x20,0x76,0x61,0x72,0x20,
  0x70,0x72,0x6f,0x78,0x79,0x3a,0x20,0x41,0x70,0x70,0x2e,0x74,0x6f,0x70,0x69,0x63,
  0x50,0x72,0x6f,0x78,0x79,0xa,0x20,0x20,0x20,0x20,0x70,0x72,0x6f,0x70,0x65,0x72,
  0x74,0x79,0x20,0x73,0x74,0x72,0x69,0x6e,0x67,0x20,0x63,0x75,0x72,0x72,0x65,0x6e,
  0x74,0x4e,0x6f,0x74,0x65,0x3a,0x20,0x70,0x72,0x6f,0x78,0x79,0x20,0x3f,0x20,0x70,
  0x72,0x6f,0x78,0x79,0x2e,0x6e,0x6f,0x74,0x65,0x20,0x3a,0x20,0x22,0x22,0xa,0xa,
  0x20,0x20,0x20,0x20,0x6f,0x6e,0x43,0x75,0x72,0x72,0x65,0x6e,0x74,0x4e,0x6f,0x74,
  0x65,0x43,0x68,0x61,0x6e,0x67,0x65,0x64,0x3a,0x20,0x7b,0xa,0x20,0x20,0x20,0x20,
  0x20,0x20,0x20,0x20,0x69,0x66,0x20,0x28,0x6e,0x6f,0x74,0x65,0x41,0x72,0x65,0x61,
  0x2e,0x74,0x65,0x78,0x74,0x20,0x21,0x3d,0x3d,0x20,0x63,0x75,0x72,0x72,0x65,0x6e,
  0x74,0x4e,0x6f,0x74,0x65,0x29,0xa,0x20,0x20,0x20,0x20,0x20,0x20,0x20,0x20,0x20,
  0x20,0x20,0x20,0x6e,0x6f,0x74,0x65,0x41,0x72,0x65,0x61,0x2e,0x74,0x65,0x78,0x74,
  0x20,0x3d,0x20,0x63,0x75,0x72,0x72,0x65,0x6e,0x74,0x4e,0x6f,0x74,0x65,0xa,0x20,
  0x20,0x20,0x20,0x7d,0xa,0xa,0x20,0x20,0x20,0x20,0x43,0x6f,0x6e,0x6e,0x65,0x63,
  0x74,0x69,0x6f,0x6e,0x73,0x20,0x7b,0xa,0x20,0x20,0x20,0x20,0x20,0x20,0x20,0x20,
  0x74,0x61,0x72,0x67,0x65,0x74,0x3a,0x20,0x70,0x72,0x6f,0x78,0x79,0xa,0x20,0x20,
  0x20,0x20,0x20,0x20,0x20,0x20,0x66,0x75,0x6e,0x63,0x74,0x69,0x6f,0x6e,0x20,0x6f,
  0x6e,0x41,0x63,0x74,0x69,0x76,0x65,0x54,0x6f,0x70,0x69,0x63,0x43,0x68,0x61,0x6e,
  0x67,0x65,0x64,0x28,0x29,0x20,0x7b,0xa,0x20,0x20,0x20,0x20,0x20,0x20,0x20,0x20,
  0x20,0x20,0x20,0x20,0x69,0x66,0x20,0x28,0x70,0x72,0x6f,0x78,0x79,0x29,0x20,0x63,
  0x75,0x72,0x72,0x65,0x6e,0x74,0x4e,0x6f,0x74,0x65,0x20,0x3d,0x20,0x70,0x72,0x6f,
  0x78,0x79,0x2e,0x6e,0x6f,0x74,0x65,0xa,0x20,0x20,0x20,0x20,0x20,0x20,0x20,0x20,
  0x7d,0xa,0x20,0x20,0x20,0x20,0x7d,0xa,0xa,0x20,0x20,0x20,0x20,0x46,0x6c,0x69,
  0x63,0x6b,0x61,0x62,0x6c,0x65,0x20,0x7b,0xa,0x20,0x20,0x20,0x20,0x20,0x20,0x20,
  0x20,0x69,0x64,0x3a,0x20,0x66,0x6c,0x69,0x63,0x6b,0x61,0x62,0x6c,0x65,0xa,0x20,
  0x20,0x20,0x20,0x20,0x20,0x20,0x20,0x61,0x6e,0x63,0x68,0x6f,0x72,0x73,0x2e,0x66,
  0x69,0x6c,0x6c,0x3a,0x20,0x70,0x61,0x72,0x65,0x6e,0x74,0x3b,0x20,0x63,0x6c,0x69,
  0x70,0x3a,0x20,0x74,0x72,0x75,0x65,0xa,0x20,0x20,0x20,0x20,0x20,0x20,0x20,0x20,
  0x63,0x6f,0x6e,0x74,0x65,0x6e,0x74,0x57,0x69,0x64,0x74,0x68,0x3a,0x20,0x77,0x69,
  0x64,0x74,0x68,0xa,0x20,0x20,0x20,0x20,0x20,0x20,0x20,0x20,0x63,0x6f,0x6e,0x74,
  0x65,0x6e,0x74,0x48,0x65,0x69,0x67,0x68,0x74,0x3a,0x20,0x6e,0x6f,0x74,0x65,0x41,
  0x72,0x65,0x61,0x2e,0x68,0x65,0x69,0x67,0x68,0x74,0xa,0x20,0x20,0x20,0x20,0x20,
  0x20,0x20,0x20,0x66,0x6c,0x69,0x63,0x6b,0x61,0x62,0x6c,0x65,0x44,0x69,0x72,0x65,
  0x63,0x74,0x69,0x6f,0x6e,0x3a,0x20,0x46,0x6c,0x69,0x63,0x6b,0x61,0x62,0x6c,0x65,
  0x2e,0x56,0x65,0x72,0x74,0x69,0x63,0x61,0x6c,0x46,0x6c,0x69,0x63,0x6b,0xa,0xa,
  0x20,0x20,0x20,0x20,0x20,0x20,0x20,0x20,0x2f,0x2f,0x20,0x41,0x6c,0x6c,0x6f,0x77,
  0x20,0x54,0x65,0x78,0x74,0x41,0x72,0x65,0x61,0x20,0x74,0x6f,0x20,0x68,0x61,0x6e,
  0x64,0x6c,0x65,0x20,0x69,0x74,0x73,0x20,0x6f,0x77,0x6e,0x20,0x73,0x63,0x72,0x6f,
  0x6c,0x6c,0x69,0x6e,0x67,0xa,0x20,0x20,0x20,0x20,0x20,0x20,0x20,0x20,0x62,0x6f,
  0x75,0x6e,0x64,0x73,0x42,0x65,0x68,0x61,0x76,0x69,0x6f,0x72,0x3a,0x20,0x46,0x6c,
  0x69,0x63,0x6b,0x61,0x62,0x6c,0x65,0x2e,0x53,0x74,0x6f,0x70,0x41,0x74,0x42,0x6f,
  0x75,0x6e,0x64,0x73,0xa,0xa,0x20,0x20,0x20,0x20,0x20,0x20,0x20,0x20,0x54,0x65,
  0x78,0x74,0x41,0x72,0x65,0x61,0x20,0x7b,0xa,0x20,0x20,0x20,0x20,0x20,0x20,0x20,
  0x20,0x20,0x20,0x20,0x20,0x69,0x64,0x3a,0x20,0x6e,0x6f,0x74,0x65,0x41,0x72,0x65,
  0x61,0xa,0x20,0x20,0x20,0x20,0x20,0x20,0x20,0x20,0x20,0x20,0x20,0x20,0x77,0x69,
  0x64,0x74,0x68,0x3a,0x20,0x66,0x6c,0x69,0x63,0x6b,0x61,0x62,0x6c,0x65,0x2e,0x77,
  0x69,0x64,0x74,0x68,0xa,0x20,0x20,0x20,0x20,0x20,0x20,0x20,0x20,0x20,0x20,0x20,
  0x20,0x70,0x6c,0x61,0x63,0x65,0x68,0x6f,0x6c,0x64,0x65,0x72,0x54,0x65,0x78,0x74,
  0x3a,0x20,0x70,0x72,0x6f,0x78,0x79,0x20,0x26,0x26,0x20,0x70,0x72,0x6f,0x78,0x79,
  0x2e,0x61,0x63,0x74,0x69,0x76,0x65,0x54,0x6f,0x70,0x69,0x63,0xa,0x20,0x20,0x20,
  0x20,0x20,0x20,0x20,0x20,0x20,0x20,0x20,0x20,0x20,0x20,0x20,0x20,0x3f,0x20,0x22,
  0x45,0x73,0x63,0x72,0x69,0x62,0x65,0x20,0x6c,0x61,0x20,0x6e,0x6f,0x74,0x61,0x20,
  0x61,0x71,0x75,0xc3,0xad,0x2e,0x2e,0x2e,0x22,0xa,0x20,0x20,0x20,0x20,0x20,0x20,
  0x20,0x20,0x20,0x20,0x20,0x20,0x20,0x20,0x20,0x20,0x3a,0x20,0x22,0x53,0x65,0x6c,
  0x65,0x63,0x63,0x69,0x6f,0x6e,0x61,0x20,0x75,0x6e,0x20,0x74,0x6f,0x70,0x69,0x63,
  0x20,0x70,0x72,0x69,0x6d,0x65,0x72,0x6f,0x22,0xa,0x20,0x20,0x20,0x20,0x20,0x20,
  0x20,0x20,0x20,0x20,0x20,0x20,0x66,0x6f,0x6e,0x74,0x2e,0x70,0x69,0x78,0x65,0x6c,
  0x53,0x69,0x7a,0x65,0x3a,0x20,0x31,0x34,0x3b,0x20,0x63,0x6f,0x6c,0x6f,0x72,0x3a,
  0x20,0x22,0x23,0x33,0x33,0x33,0x22,0xa,0x20,0x20,0x20,0x20,0x20,0x20,0x20,0x20,
  0x20,0x20,0x20,0x20,0x77,0x72,0x61,0x70,0x4d,0x6f,0x64,0x65,0x3a,0x20,0x54,0x65,
  0x78,0x74,0x41,0x72,0x65,0x61,0x2e,0x57,0x72,0x61,0x70,0xa,0x20,0x20,0x20,0x20,
  0x20,0x20,0x20,0x20,0x20,0x20,0x20,0x20,0x74,0x65,0x78,0x74,0x3a,0x20,0x63,0x75,
  0x72,0x72,0x65,0x6e,0x74,0x4e,0x6f,0x74,0x65,0xa,0x20,0x20,0x20,0x20,0x20,0x20,
  0x20,0x20,0x20,0x20,0x20,0x20,0x72,0x65,0x61,0x64,0x4f,0x6e,0x6c,0x79,0x3a,0x20,
  0x66,0x61,0x6c,0x73,0x65,0xa,0x20,0x20,0x20,0x20,0x20,0x20,0x20,0x20,0x20,0x20,
  0x20,0x20,0x73,0x65,0x6c,0x65,0x63,0x74,0x42,0x79,0x4d,0x6f,0x75,0x73,0x65,0x3a,
  0x20,0x74,0x72,0x75,0x65,0xa,0x20,0x20,0x20,0x20,0x20,0x20,0x20,0x20,0x20,0x20,
  0x20,0x20,0x6f,0x6e,0x41,0x63,0x74,0x69,0x76,0x65,0x46,0x6f,0x63,0x75,0x73,0x43,
  0x68,0x61,0x6e,0x67,0x65,0x64,0x3a,0x20,0x7b,0xa,0x20,0x20,0x20,0x20,0x20,0x20,
  0x20,0x20,0x20,0x20,0x20,0x20,0x20,0x20,0x20,0x20,0x69,0x66,0x20,0x28,0x21,0x61,
  0x63,0x74,0x69,0x76,0x65,0x46,0x6f,0x63,0x75,0x73,0x20,0x26,0x26,0x20,0x70,0x72,
  0x6f,0x78,0x79,0x29,0x20,0x7b,0xa,0x20,0x20,0x20,0x20,0x20,0x20,0x20,0x20,0x20,
  0x20,0x20,0x20,0x20,0x20,0x20,0x20,0x20,0x20,0x20,0x20,0x70,0x72,0x6f,0x78,0x79,
  0x2e,0x73,0x61,0x76,0x65,0x4e,0x6f,0x74,0x65,0x28,0x74,0x65,0x78,0x74,0x29,0xa,
  0x20,0x20,0x20,0x20,0x20,0x20,0x20,0x20,0x20,0x20,0x20,0x20,0x20,0x20,0x20,0x20,
  0x7d,0xa,0x20,0x20,0x20,0x20,0x20,0x20,0x20,0x20,0x20,0x20,0x20,0x20,0x7d,0xa,
  0x20,0x20,0x20,0x20,0x20,0x20,0x20,0x20,0x20,0x20,0x20,0x20,0x6f,0x6e,0x54,0x65,
  0x78,0x74,0x43,0x68,0x61,0x6e,0x67,0x65,0x64,0x3a,0x20,0x7b,0xa,0x20,0x20,0x20,
  0x20,0x20,0x20,0x20,0x20,0x20,0x20,0x20,0x20,0x20,0x20,0x20,0x20,0x2f,0x2f,0x20,
  0x55,0x70,0x64,0x61,0x74,0x65,0x20,0x63,0x75,0x72,0x72,0x65,0x6e,0x74,0x4e,0x6f,
  0x74,0x65,0x20,0x6f,0x6e,0x6c,0x79,0x20,0x69,0x66,0x20,0x75,0x73,0x65,0x72,0x20,
  0x69,0x73,0x20,0x74,0x79,0x70,0x69,0x6e,0x67,0x20,0x28,0x6e,0x6f,0x74,0x20,0x66,
  0x72,0x6f,0x6d,0x20,0x74,0x6f,0x70,0x69,0x63,0x20,0x63,0x68,0x61,0x6e,0x67,0x65,
  0x29,0xa,0x20,0x20,0x20,0x20,0x20,0x20,0x20,0x20,0x20,0x20,0x20,0x20,0x20,0x20,
  0x20,0x20,0x69,0x66,0x20,0x28,0x61,0x63,0x74,0x69,0x76,0x65,0x46,0x6f,0x63,0x75,
  0x73,0x20,0x26,0x26,0x20,0x74,0x65,0x78,0x74,0x20,0x21,0x3d,0x3d,0x20,0x63,0x75,
  0x72,0x72,0x65,0x6e,0x74,0x4e,0x6f,0x74,0x65,0x29,0x20,0x7b,0xa,0x20,0x20,0x20,
  0x20,0x20,0x20,0x20,0x20,0x20,0x20,0x20,0x20,0x20,0x20,0x20,0x20,0x20,0x20,0x20,
  0x20,0x63,0x75,0x72,0x72,0x65,0x6e,0x74,0x4e,0x6f,0x74,0x65,0x20,0x3d,0x20,0x74,
  0x65,0x78,0x74,0xa,0x20,0x20,0x20,0x20,0x20,0x20,0x20,0x20,0x20,0x20,0x20,0x20,
  0x20,0x20,0x20,0x20,0x7d,0xa,0x20,0x20,0x20,0x20,0x20,0x20,0x20,0x20,0x20,0x20,
  0x20,0x20,0x7d,0xa,0x20,0x20,0x20,0x20,0x20,0x20,0x20,0x20,0x7d,0xa,0x20,0x20,
  0x20,0x20,0x7d,0xa,0x7d,0xa,
    // ManageView.qml
  0x0,0x0,0x5,0xc6,
  0x0,
  0x0,0x18,0xd8,0x78,0xda,0xbd,0x18,0xdb,0x6e,0xdb,0x36,0xf4,0xdd,0x5f,0xc1,0x6a,
  0x40,0x61,0xa3,0xad,0x62,0xcb,0xb1,0xe3,0xc8,0xc8,0xa,0xd7,0x4b,0x11,0x3,0xd,
  0x92,0x3a,0x41,0xfb,0xb0,0xed,0x81,0x96,0x28,0x9b,0x98,0x4c,0xa,0x14,0x15,0x27,
  0x4b,0x3,0xec,0x69,0x1f,0x30,0xec,0x7,0xf6,0x1,0x7b,0xda,0x27,0xf4,0x4f,0xf6,
  0x25,0x3b,0xa4,0x64,0x47,0xb2,0x2e,0xbe,0x24,0x9d,0x2,0xc4,0xe2,0x21,0x79,0xee,
  0x57,0x1d,0x1c,0xa0,0xf7,0xdd,0x37,0x43,0xb3,0x63,0xa3,0x4f,0x34,0x94,0x18,0x19,
  0x3,0x77,0x4e,0x19,0xbc,0xa,0x2c,0xc,0xf4,0xef,0x6f,0x7f,0x22,0x8f,0x3a,0x33,
  0x8c,0x28,0xf3,0xb8,0x98,0x63,0x49,0x6f,0x30,0x72,0x89,0x8f,0x24,0xf,0xa8,0x63,
  0xd6,0xe8,0x3c,0xe0,0x42,0xa2,0x8f,0xf2,0x63,0x44,0x9d,0x5f,0xd6,0x96,0xe6,0x90,
  0x33,0x29,0xb8,0x1f,0xae,0xc3,0x3f,0xe0,0x3b,0x1e,0xc9,0x15,0x78,0xe4,0x52,0xe,
  0x44,0x5d,0xd4,0x32,0x9b,0xb5,0xda,0x98,0x38,0x12,0xb3,0xa9,0x4f,0xd0,0x7d,0xd,
  0xc1,0xe3,0x70,0x9f,0xb,0x1b,0x19,0xdf,0x79,0x58,0xfd,0x19,0x1a,0x18,0xd2,0x29,
  0xc3,0x3e,0xe2,0x1,0x61,0xd7,0x8a,0x93,0xb0,0xde,0xa8,0xe9,0x8d,0x40,0x0,0x4c,
  0xc8,0x3b,0x74,0x83,0x85,0x5a,0xdc,0xde,0xd9,0x68,0x10,0x4,0xa6,0xe6,0xf7,0x52,
  0xad,0xe3,0x73,0xef,0x7d,0x60,0x4,0x4f,0x56,0x54,0xd4,0x83,0x99,0x33,0xe3,0x22,
  0x34,0x3d,0xea,0xfb,0x36,0xa,0xb0,0x20,0x4c,0xf6,0x91,0xe3,0xd3,0xc0,0x46,0x52,
  0x44,0x64,0x75,0xd0,0x1,0xb9,0x60,0xef,0x33,0x75,0xe5,0xcc,0x46,0xb,0xf5,0xb3,
  0xbe,0x77,0x46,0xe8,0x74,0x26,0xed,0xe5,0x72,0xc8,0x7d,0x73,0xa6,0x41,0xb5,0xd5,
  0x49,0x80,0x45,0x73,0x16,0xeb,0x22,0xc5,0x85,0x7a,0xa8,0x9b,0xbe,0x99,0xd9,0x5a,
  0xc4,0x44,0x63,0xee,0x4c,0xbd,0x42,0x6f,0xd0,0x61,0x33,0x73,0xe8,0xd6,0x46,0x56,
  0xb3,0x8f,0xc2,0x0,0x3b,0x94,0x4d,0x6d,0xd4,0xac,0x65,0xb6,0xf,0xe,0xd0,0xe9,
  0x3c,0x0,0x25,0x81,0xc5,0x25,0xc9,0x6c,0x5d,0x93,0xdb,0x75,0x66,0xd4,0x13,0x73,
  0xa9,0x35,0x93,0x48,0xad,0x14,0xd2,0x5f,0xc2,0xb1,0xf,0xf6,0x98,0x3,0x43,0x36,
  0xd8,0xd8,0x1c,0xa8,0xd5,0xd9,0x10,0x96,0x44,0xe4,0x30,0x49,0x20,0x0,0xd6,0xbc,
  0x22,0x3e,0x71,0x1c,0xca,0x19,0x46,0x11,0x8b,0xbd,0x49,0xc9,0x84,0xd1,0xd,0x11,
  0x28,0x8c,0x96,0xfe,0xe6,0xd0,0xaf,0xff,0x30,0x23,0x87,0xc4,0x3,0xdd,0x98,0x1,
  0xbd,0x25,0xfe,0x15,0xfd,0x95,0xd8,0xa8,0x75,0xd8,0x7f,0xf4,0x93,0xe3,0xe3,0xe3,
  0xfc,0x8d,0x1b,0x1a,0x52,0xb0,0xb6,0x1d,0xfb,0x4,0x7a,0xf9,0x12,0xd5,0x5f,0xe8,
  0x57,0x13,0x3b,0xe0,0xd4,0x44,0x7b,0x11,0xfa,0xf2,0x5,0xe5,0x81,0x27,0x27,0x27,
  0xc8,0x30,0x1a,0x65,0x3a,0x1,0xde,0xcf,0xb1,0x98,0x52,0x66,0xaf,0x5b,0xe1,0x21,
  0xa7,0xf5,0x18,0xa1,0xa4,0x12,0xfc,0xae,0xee,0xc3,0x2d,0xf2,0x1a,0x4d,0xb8,0xef,
  0xbe,0x46,0x8c,0x3,0x65,0xe2,0xd1,0xdb,0xc6,0xfe,0xe6,0x28,0xd1,0x75,0x2c,0xf1,
  0xdb,0x2,0xc9,0x40,0x5b,0x9b,0x75,0x6b,0x59,0xfd,0x18,0xa6,0x18,0x5d,0xda,0x7d,
  0xa5,0x6c,0xcb,0xb2,0xb6,0x51,0x76,0x9e,0xf6,0xb,0xad,0xd5,0xdc,0xd5,0x85,0xc0,
  0xc1,0x39,0x77,0xe1,0xae,0x12,0xdd,0xfc,0xc,0xcb,0xd,0x3a,0x1d,0x81,0xa7,0xa0,
  0x39,0x91,0xd8,0xc5,0x90,0xbf,0xea,0xe,0x9f,0x83,0xd7,0x4b,0xad,0xd1,0x9,0x17,
  0x2e,0x11,0x59,0x8d,0x56,0x44,0x5d,0x95,0xa3,0xaf,0x42,0xe9,0xf0,0x39,0xa5,0xcd,
  0xbb,0x50,0xcb,0xaa,0xe5,0x4e,0x8d,0x49,0x40,0x20,0x4e,0x45,0x1,0xbb,0xea,0x99,
  0x83,0xba,0x20,0x5f,0x7d,0x80,0xa4,0xad,0x34,0xe7,0x97,0x1c,0xd3,0xf4,0xe0,0xcc,
  0xa9,0x4f,0x54,0xa4,0xa2,0x7b,0xe4,0xe3,0x89,0xba,0x68,0x9c,0x42,0x1a,0x70,0xb9,
  0x1,0x66,0xa6,0x44,0x99,0xd8,0x8,0xa5,0xc,0xd,0x50,0xf5,0x6e,0x68,0x2e,0x31,
  0xbc,0x9,0x1c,0xa6,0x10,0xb1,0x85,0x70,0x77,0x47,0x74,0x21,0xb0,0xca,0xc,0x24,
  0x83,0x29,0x64,0x72,0x77,0x4c,0xa3,0xf9,0xd7,0xbf,0xa6,0x64,0xd,0x13,0x9d,0x4f,
  0x77,0xc7,0x34,0x14,0x24,0xab,0x23,0x57,0x12,0x67,0x77,0x34,0x83,0x48,0x72,0x91,
  0xc2,0x82,0x23,0x29,0xf6,0x10,0x4b,0x15,0x4c,0x9c,0x42,0x43,0x63,0xc0,0xee,0x52,
  0x81,0x5b,0x4d,0xb9,0xf8,0xfa,0x77,0x1a,0x99,0x23,0xa7,0x77,0x65,0xa8,0x8a,0xa1,
  0xe0,0x74,0x64,0xa,0xa8,0x6c,0x34,0xe6,0x8b,0xd2,0xd0,0xda,0x31,0x79,0x2d,0x9f,
  0x55,0xe4,0xf5,0x4a,0x8f,0xac,0x22,0xb0,0x9c,0xa8,0xae,0xaa,0xde,0x32,0xe9,0x37,
  0x90,0x20,0x32,0x12,0xc,0x79,0xd8,0xf,0xc9,0xc6,0x4b,0x3a,0xc2,0x4c,0xad,0x9f,
  0xb8,0x1a,0x24,0xfa,0x6e,0x54,0xde,0x54,0x4f,0x42,0x26,0x4e,0x8,0xa1,0xcf,0xa6,
  0x65,0x99,0x20,0x23,0xe,0xb4,0x2e,0x37,0xd0,0xdd,0x9c,0xc4,0xf7,0x7e,0x4c,0x91,
  0xff,0xb9,0xb6,0x5,0x35,0x75,0x57,0x91,0x89,0x98,0xb,0x15,0x85,0x11,0x57,0xe5,
  0xa4,0x25,0xb0,0x82,0x76,0xb9,0xf7,0x94,0x94,0xa1,0x7c,0xad,0x89,0x59,0xd5,0xee,
  0x55,0x79,0x3a,0x57,0xc0,0xad,0x54,0x4d,0xe9,0xf5,0x7a,0xd5,0xa,0x4a,0x3c,0x48,
  0x15,0x4c,0x22,0x4,0x71,0x13,0x37,0x3a,0x6e,0x7e,0x4b,0xd1,0xee,0x37,0x1a,0xbb,
  0xc0,0xbf,0x36,0x58,0xfa,0xe9,0xe,0x56,0xec,0x64,0xaf,0x10,0xf4,0xee,0xbf,0xff,
  0x1,0xff,0x5f,0x25,0x60,0x9,0xe0,0x9d,0xbc,0x75,0x7b,0xaf,0x7b,0xd8,0xcd,0xd2,
  0xed,0x94,0xa5,0xdb,0xed,0xf6,0x56,0x96,0xde,0x36,0x57,0x6c,0x9b,0xb4,0x1e,0x36,
  0xf4,0x14,0x57,0x90,0x73,0x8,0x9a,0x10,0xb9,0x20,0x84,0xe9,0x5e,0x14,0x86,0x3,
  0x17,0xcd,0x31,0x65,0x48,0x95,0x75,0xce,0x32,0x37,0x46,0x92,0xcc,0x21,0xab,0x96,
  0xf5,0xe,0xb3,0x64,0x16,0xb0,0x9e,0xad,0x77,0xc8,0x73,0x7c,0xfe,0xc8,0x1a,0x9a,
  0x44,0x52,0xc2,0x4f,0xdd,0x8b,0x7c,0x3f,0x9e,0x17,0xb2,0x7e,0xb4,0x3e,0x61,0x6d,
  0xd3,0xff,0x2c,0x65,0x38,0xec,0xf5,0x91,0xc0,0x2e,0x8d,0xc2,0xa2,0x84,0x9c,0x18,
  0x56,0xe9,0x69,0xa0,0x79,0x39,0xe7,0x51,0x48,0x54,0xa0,0x86,0x21,0xa4,0xa1,0xb7,
  0x60,0x72,0xd2,0xf3,0x3a,0xe4,0xd8,0x40,0x7a,0xa2,0x6b,0x79,0x3d,0x52,0xd0,0xac,
  0xc7,0x7d,0x9b,0x99,0x60,0x2b,0x50,0xd,0x87,0x6,0xe,0x52,0x4c,0xa2,0x1a,0x8d,
  0xb7,0x37,0x71,0xda,0x87,0x38,0xc6,0x4b,0x9a,0xea,0xef,0x29,0x7d,0x69,0x15,0xb9,
  0x82,0x6,0x6d,0x43,0xd5,0x2b,0x1e,0x2c,0x97,0x50,0x9f,0x78,0x72,0xd5,0xfe,0x75,
  0x1f,0xe1,0x42,0x69,0xfc,0x71,0xa3,0xb6,0x47,0x71,0xdc,0x90,0xdc,0x52,0xf3,0x41,
  0x5a,0x4e,0x13,0x66,0x71,0x72,0x7b,0xe1,0xd5,0x8d,0xf1,0xe9,0xa7,0xd1,0xd5,0x60,
  0x6c,0x34,0xd0,0xf7,0x27,0xa8,0xa9,0xf4,0xfc,0x53,0x64,0x1d,0xb5,0xda,0x5a,0xcd,
  0xf0,0xda,0x7a,0xf7,0xae,0x3c,0x7e,0x73,0x91,0xdf,0x4d,0x45,0xfe,0xa1,0x83,0xbd,
  0x4e,0xd3,0xd8,0xa1,0xc9,0xd8,0x5e,0x96,0xcc,0xac,0xb3,0xb4,0x9d,0x5d,0x95,0x8b,
  0x8b,0xe6,0xc9,0x8a,0x99,0x87,0x1c,0xb9,0x6d,0xcb,0x78,0x8e,0x6,0x67,0x53,0x6a,
  0x52,0x8f,0x8e,0xa1,0x1,0xf4,0x9f,0x25,0xd2,0xab,0x8f,0x5,0x6b,0x11,0xd7,0x2f,
  0xfb,0x96,0x11,0x89,0x90,0x8b,0xab,0x19,0xe,0x88,0x9e,0xd4,0x2f,0x39,0x65,0x12,
  0xfc,0xe7,0xc,0xb2,0xdb,0x50,0xef,0x15,0x52,0xe0,0x6c,0xa8,0x3e,0x97,0x10,0x20,
  0x74,0xaf,0xeb,0x55,0x52,0xe4,0x62,0x2d,0x7,0x44,0xa8,0x59,0x3d,0x26,0x5f,0x6f,
  0x3c,0x39,0xdd,0xa6,0xb2,0xac,0xce,0xba,0x21,0x71,0x38,0x73,0xb1,0xb8,0x4b,0x80,
  0xe1,0x5e,0xb9,0xb7,0xf9,0xed,0x72,0xef,0xd5,0x3a,0x83,0x48,0xf0,0x45,0x6d,0xdb,
  0x4,0xb1,0x71,0xe2,0xec,0x3d,0x85,0xf3,0xff,0x7f,0x98,0xfc,0x61,0x74,0xd,0x19,
  0xa3,0x8f,0x28,0x28,0x25,0xce,0x12,0x47,0xcd,0xd3,0x3d,0x46,0x93,0x8b,0xf3,0xcb,
  0xc1,0xf8,0x7a,0x94,0x45,0xd5,0x3a,0x3e,0xda,0x1d,0xd5,0xbb,0x8b,0xf1,0x78,0x9d,
  0xa5,0x56,0x77,0xef,0x11,0xa7,0xa2,0x7a,0x6e,0x5d,0x45,0x9b,0x8f,0x55,0xb4,0x5b,
  0x8a,0x65,0x59,0x4d,0x1f,0x7b,0xea,0xb8,0x39,0x4c,0xe4,0xd1,0x65,0xcf,0xf3,0xbc,
  0x8e,0xd7,0x49,0xca,0x69,0x47,0xbf,0x97,0xe2,0xcb,0x96,0xd5,0xd,0x68,0x1d,0xd7,
  0xb5,0xaa,0xab,0xe9,0xb6,0xd5,0x6f,0xf7,0x2a,0xd8,0x2b,0x29,0x82,0xbd,0x4a,0xfc,
  0xab,0x80,0xe9,0x56,0x1e,0x8b,0xeb,0x48,0x66,0x5e,0x51,0x7e,0xd1,0xaf,0xea,0x54,
  0x2b,0x75,0x45,0x3a,0x47,0xed,0xa3,0xb8,0x24,0xea,0xd1,0x65,0x43,0x43,0x5c,0x40,
  0x5f,0x23,0x2e,0x60,0xa0,0xb5,0x1d,0x3,0x4e,0xd7,0xea,0x59,0xbd,0x98,0x81,0x4e,
  0xa7,0x63,0xe4,0x6a,0x57,0x5,0x47,0xe5,0x3b,0xa9,0xb2,0xb3,0x77,0x35,0x79,0x9e,
  0x86,0x3c,0x9f,0xe2,0x97,0x5f,0xd7,0xd7,0x84,0x8b,0xdf,0x1e,0x6a,0xf,0xb5,0xff,
  0x0,0xa8,0xcf,0x43,0xe8,
    // LearningView.qml
  0x0,0x0,0x9,0xa3,
  0x2f,
  0x2f,0x20,0x4c,0x65,0x61,0x72,0x6e,0x69,0x6e,0x67,0x56,0x69,0x65,0x77,0x3a,0x20,
  0x64,0x61,0x74,0x6f,0x73,0x20,0x72,0x65,0x61,0x6c,0x65,0x73,0x20,0x2b,0x20,0x63,
  0x68,0x65,0x63,0x6b,0x62,0x6f,0x78,0x20,0x69,0x6e,0x74,0x65,0x72,0x61,0x63,0x74,
  0x69,0x76,0x6f,0x20,0x2b,0x20,0x64,0x6f,0x62,0x6c,0x65,0x20,0x63,0x6c,0x69,0x63,
  0x20,0xe2,0x86,0x92,0x20,0x56,0x69,0x65,0x77,0x65,0x72,0x2e,0xa,0x69,0x6d,0x70,
  0x6f,0x72,0x74,0x20,0x51,0x74,0x51,0x75,0x69,0x63,0x6b,0xa,0x69,0x6d,0x70,0x6f,
  0x72,0x74,0x20,0x51,0x74,0x51,0x75,0x69,0x63,0x6b,0x2e,0x4c,0x61,0x79,0x6f,0x75,
  0x74,0x73,0xa,0x69,0x6d,0x70,0x6f,0x72,0x74,0x20,0x49,0x64,0x69,0x6f,0x6d,0x69,
  0x6e,0x64,0x20,0x31,0x2e,0x30,0xa,0xa,0x52,0x65,0x63,0x74,0x61,0x6e,0x67,0x6c,
  0x65,0x20,0x7b,0xa,0x20,0x20,0x20,0x20,0x63,0x6f,0x6c,0x6f,0x72,0x3a,0x20,0x22,
  0x23,0x66,0x61,0x66,0x61,0x66,0x61,0x22,0xa,0xa,0x20,0x20,0x20,0x20,0x70,0x72,
  0x6f,0x70,0x65,0x72,0x74,0x79,0x20,0x76,0x61,0x72,0x20,0x70,0x72,0x6f,0x78,0x79,
  0x3a,0x20,0x41,0x70,0x70,0x2e,0x74,0x6f,0x70,0x69,0x63,0x50,0x72,0x6f,0x78,0x79,
  0xa,0x20,0x20,0x20,0x20,0x73,0x69,0x67,0x6e,0x61,0x6c,0x20,0x6f,0x70,0x65,0x6e,
  0x56,0x69,0x65,0x77,0x65,0x72,0x28,0x69,0x6e,0x74,0x20,0x69,0x6e,0x64,0x65,0x78,
  0x29,0xa,0xa,0x20,0x20,0x20,0x20,0x4c,0x69,0x73,0x74,0x56,0x69,0x65,0x77,0x20,
  0x7b,0xa,0x20,0x20,0x20,0x20,0x20,0x20,0x20,0x20,0x69,0x64,0x3a,0x20,0x6c,0x69,
  0x73,0x74,0x56,0x69,0x65,0x77,0xa,0x20,0x20,0x20,0x20,0x20,0x20,0x20,0x20,0x61,
  0x6e,0x63,0x68,0x6f,0x72,0x73,0x2e,0x66,0x69,0x6c,0x6c,0x3a,0x20,0x70,0x61,0x72,
  0x65,0x6e,0x74,0x3b,0x20,0x63,0x6c,0x69,0x70,0x3a,0x20,0x74,0x72,0x75,0x65,0xa,
  0x20,0x20,0x20,0x20,0x20,0x20,0x20,0x20,0x6d,0x6f,0x64,0x65,0x6c,0x3a,0x20,0x70,
  0x72,0x6f,0x78,0x79,0x20,0x3f,0x20,0x70,0x72,0x6f,0x78,0x79,0x2e,0x69,0x6e,0x64,
  0x65,0x78,0x4d,0x6f,0x64,0x65,0x6c,0x20,0x3a,0x20,0x6e,0x75,0x6c,0x6c,0xa,0x20,
  0x20,0x20,0x20,0x20,0x20,0x20,0x20,0x63,0x75,0x72,0x72,0x65,0x6e,0x74,0x49,0x6e,
  0x64,0x65,0x78,0x3a,0x20,0x2d,0x31,0xa,0xa,0x20,0x20,0x20,0x20,0x20,0x20,0x20,
  0x20,0x54,0x65,0x78,0x74,0x20,0x7b,0xa,0x20,0x20,0x20,0x20,0x20,0x20,0x20,0x20,
  0x20,0x20,0x20,0x20,0x61,0x6e,0x63,0x68,0x6f,0x72,0x73,0x2e,0x63,0x65,0x6e,0x74,
  0x65,0x72,0x49,0x6e,0x3a,0x20,0x70,0x61,0x72,0x65,0x6e,0x74,0xa,0x20,0x20,0x20,
  0x20,0x20,0x20,0x20,0x20,0x20,0x20,0x20,0x20,0x74,0x65,0x78,0x74,0x3a,0x20,0x70,
  0x72,0x6f,0x78,0x79,0x20,0x26,0x26,0x20,0x70,0x72,0x6f,0x78,0x79,0x2e,0x61,0x63,
  0x74,0x69,0x76,0x65,0x54,0x6f,0x70,0x69,0x63,0x20,0x3f,0x20,0x22,0x4e,0x6f,0x20,
  0x68,0x61,0x79,0x20,0xc3,0xad,0x74,0x65,0x6d,0x73,0x20,0x65,0x6e,0x20,0x65,0x73,
  0x74,0x65,0x20,0x74,0x6f,0x70,0x69,0x63,0x22,0x20,0x3a,0x20,0x22,0x53,0x65,0x6c,
  0x65,0x63,0x63,0x69,0x6f,0x6e,0x61,0x20,0x75,0x6e,0x20,0x74,0x6f,0x70,0x69,0x63,
  0x22,0xa,0x20,0x20,0x20,0x20,0x20,0x20,0x20,0x20,0x20,0x20,0x20,0x20,0x66,0x6f,
  0x6e,0x74,0x2e,0x70,0x69,0x78,0x65,0x6c,0x53,0x69,0x7a,0x65,0x3a,0x20,0x31,0x34,
  0x3b,0x20,0x63,0x6f,0x6c,0x6f,0x72,0x3a,0x20,0x22,0x23,0x39,0x39,0x39,0x22,0xa,
  0x20,0x20,0x20,0x20,0x20,0x20,0x20,0x20,0x20,0x20,0x20,0x20,0x76,0x69,0x73,0x69,
  0x62,0x6c,0x65,0x3a,0x20,0x70,0x72,0x6f,0x78,0x79,0x20,0x26,0x26,0x20,0x70,0x72,
  0x6f,0x78,0x79,0x2e,0x69,0x6e,0x64,0x65,0x78,0x4d,0x6f,0x64,0x65,0x6c,0x20,0x26,
  0x26,0x20,0x70,0x72,0x6f,0x78,0x79,0x2e,0x69,0x6e,0x64,0x65,0x78,0x4d,0x6f,0x64,
  0x65,0x6c,0x2e,0x69,0x74,0x65,0x6d,0x43,0x6f,0x75,0x6e,0x74,0x20,0x3d,0x3d,0x3d,
  0x20,0x30,0xa,0x20,0x20,0x20,0x20,0x20,0x20,0x20,0x20,0x7d,0xa,0xa,0x20,0x20,
  0x20,0x20,0x20,0x20,0x20,0x20,0x64,0x65,0x6c,0x65,0x67,0x61,0x74,0x65,0x3a,0x20,
  0x52,0x65,0x63,0x74,0x61,0x6e,0x67,0x6c,0x65,0x20,0x7b,0xa,0x20,0x20,0x20,0x20,
  0x20,0x20,0x20,0x20,0x20,0x20,0x20,0x20,0x77,0x69,0x64,0x74,0x68,0x3a,0x20,0x70,
  0x61,0x72,0x65,0x6e,0x74,0x20,0x3f,0x20,0x70,0x61,0x72,0x65,0x6e,0x74,0x2e,0x77,
  0x69,0x64,0x74,0x68,0x20,0x3a,0x20,0x30,0x3b,0x20,0x68,0x65,0x69,0x67,0x68,0x74,
  0x3a,0x20,0x34,0x34,0xa,0x20,0x20,0x20,0x20,0x20,0x20,0x20,0x20,0x20,0x20,0x20,
  0x20,0x63,0x6f,0x6c,0x6f,0x72,0x3a,0x20,0x4c,0x69,0x73,0x74,0x56,0x69,0x65,0x77,
  0x2e,0x69,0x73,0x43,0x75,0x72,0x72,0x65,0x6e,0x74,0x49,0x74,0x65,0x6d,0x20,0x3f,
  0x20,0x22,0x23,0x65,0x65,0x66,0x35,0x66,0x66,0x22,0x20,0x3a,0x20,0x28,0x69,0x6e,
  0x64,0x65,0x78,0x20,0x25,0x20,0x32,0x20,0x3d,0x3d,0x3d,0x20,0x30,0x20,0x3f,0x20,
  0x22,0x23,0x66,0x66,0x66,0x66,0x66,0x66,0x22,0x20,0x3a,0x20,0x22,0x23,0x66,0x61,
  0x66,0x61,0x66,0x61,0x22,0x29,0xa,0x20,0x20,0x20,0x20,0x20,0x20,0x20,0x20,0x20,
  0x20,0x20,0x20,0x52,0x6f,0x77,0x4c,0x61,0x79,0x6f,0x75,0x74,0x20,0x7b,0xa,0x20,
  0x20,0x20,0x20,0x20,0x20,0x20,0x20,0x20,0x20,0x20,0x20,0x20,0x20,0x20,0x20,0x61,
  0x6e,0x63,0x68,0x6f,0x72,0x73,0x2e,0x66,0x69,0x6c,0x6c,0x3a,0x20,0x70,0x61,0x72,
  0x65,0x6e,0x74,0x3b,0x20,0x61,0x6e,0x63,0x68,0x6f,0x72,0x73,0x2e,0x6c,0x65,0x66,
  0x74,0x4d,0x61,0x72,0x67,0x69,0x6e,0x3a,0x20,0x31,0x36,0x3b,0x20,0x61,0x6e,0x63,
  0x68,0x6f,0x72,0x73,0x2e,0x72,0x69,0x67,0x68,0x74,0x4d,0x61,0x72,0x67,0x69,0x6e,
  0x3a,0x20,0x31,0x36,0xa,0x20,0x20,0x20,0x20,0x20,0x20,0x20,0x20,0x20,0x20,0x20,
  0x20,0x20,0x20,0x20,0x20,0x52,0x65,0x63,0x74,0x61,0x6e,0x67,0x6c,0x65,0x20,0x7b,
  0xa,0x20,0x20,0x20,0x20,0x20,0x20,0x20,0x20,0x20,0x20,0x20,0x20,0x20,0x20,0x20,
  0x20,0x20,0x20,0x20,0x20,0x77,0x69,0x64,0x74,0x68,0x3a,0x20,0x32,0x30,0x3b,0x20,
  0x68,0x65,0x69,0x67,0x68,0x74,0x3a,0x20,0x32,0x30,0x3b,0x20,0x72,0x61,0x64,0x69,
  0x75,0x73,0x3a,0x20,0x33,0xa,0x20,0x20,0x20,0x20,0x20,0x20,0x20,0x20,0x20,0x20,
  0x20,0x20,0x20,0x20,0x20,0x20,0x20,0x20,0x20,0x20,0x62,0x6f,0x72,0x64,0x65,0x72,
  0x2e,0x63,0x6f,0x6c,0x6f,0x72,0x3a,0x20,0x6d,0x6f,0x64,0x65,0x6c,0x2e,0x63,0x68,
  0x65,0x63,0x6b,0x65,0x64,0x20,0x3f,0x20,0x22,0x23,0x33,0x62,0x38,0x32,0x66,0x36,
  0x22,0x20,0x3a,0x20,0x22,0x23,0x63,0x63,0x63,0x22,0x3b,0x20,0x62,0x6f,0x72,0x64,
  0x65,0x72,0x2e,0x77,0x69,0x64,0x74,0x68,0x3a,0x20,0x32,0xa,0x20,0x20,0x20,0x20,
  0x20,0x20,0x20,0x20,0x20,0x20,0x20,0x20,0x20,0x20,0x20,0x20,0x20,0x20,0x20,0x20,
  0x63,0x6f,0x6c,0x6f,0x72,0x3a,0x20,0x6d,0x6f,0x64,0x65,0x6c,0x2e,0x63,0x68,0x65,
  0x63,0x6b,0x65,0x64,0x20,0x3f,0x20,0x22,0x23,0x33,0x62,0x38,0x32,0x66,0x36,0x22,
  0x20,0x3a,0x20,0x22,0x74,0x72,0x61,0x6e,0x73,0x70,0x61,0x72,0x65,0x6e,0x74,0x22,
  0xa,0x20,0x20,0x20,0x20,0x20,0x20,0x20,0x20,0x20,0x20,0x20,0x20,0x20,0x20,0x20,
  0x20,0x20,0x20,0x20,0x20,0x54,0x65,0x78,0x74,0x20,0x7b,0x20,0x61,0x6e,0x63,0x68,
  0x6f,0x72,0x73,0x2e,0x63,0x65,0x6e,0x74,0x65,0x72,0x49,0x6e,0x3a,0x20,0x70,0x61,
  0x72,0x65,0x6e,0x74,0x3b,0x20,0x74,0x65,0x78,0x74,0x3a,0x20,0x6d,0x6f,0x64,0x65,
  0x6c,0x2e,0x63,0x68,0x65,0x63,0x6b,0x65,0x64,0x20,0x3f,0x20,0x22,0x5c,0x75,0x32,
  0x37,0x31,0x33,0x22,0x20,0x3a,0x20,0x22,0x22,0x3b,0x20,0x66,0x6f,0x6e,0x74,0x2e,
  0x70,0x69,0x78,0x65,0x6c,0x53,0x69,0x7a,0x65,0x3a,0x20,0x31,0x32,0x3b,0x20,0x63,
  0x6f,0x6c,0x6f,0x72,0x3a,0x20,0x22,0x77,0x68,0x69,0x74,0x65,0x22,0x20,0x7d,0xa,
  0x20,0x20,0x20,0x20,0x20,0x20,0x20,0x20,0x20,0x20,0x20,0x20,0x20,0x20,0x20,0x20,
  0x20,0x20,0x20,0x20,0x4d,0x6f,0x75,0x73,0x65,0x41,0x72,0x65,0x61,0x20,0x7b,0xa,
  0x20,0x20,0x20,0x20,0x20,0x20,0x20,0x20,0x20,0x20,0x20,0x20,0x20,0x20,0x20,0x20,
  0x20,0x20,0x20,0x20,0x20,0x20,0x20,0x20,0x61,0x6e,0x63,0x68,0x6f,0x72,0x73,0x2e,
  0x66,0x69,0x6c,0x6c,0x3a,0x20,0x70,0x61,0x72,0x65,0x6e,0x74,0x3b,0x20,0x63,0x75,
  0x72,0x73,0x6f,0x72,0x53,0x68,0x61,0x70,0x65,0x3a,0x20,0x51,0x74,0x2e,0x50,0x6f,
  0x69,0x6e,0x74,0x69,0x6e,0x67,0x48,0x61,0x6e,0x64,0x43,0x75,0x72,0x73,0x6f,0x72,
  0xa,0x20,0x20,0x20,0x20,0x20,0x20,0x20,0x20,0x20,0x20,0x20,0x20,0x20,0x20,0x20,
  0x20,0x20,0x20,0x20,0x20,0x20,0x20,0x20,0x20,0x6f,0x6e,0x43,0x6c,0x69,0x63,0x6b,
  0x65,0x64,0x3a,0x20,0x7b,0xa,0x20,0x20,0x20,0x20,0x20,0x20,0x20,0x20,0x20,0x20,
  0x20,0x20,0x20,0x20,0x20,0x20,0x20,0x20,0x20,0x20,0x20,0x20,0x20,0x20,0x20,0x20,
  0x20,0x20,0x6c,0x69,0x73,0x74,0x56,0x69,0x65,0x77,0x2e,0x63,0x75,0x72,0x72,0x65,
  0x6e,0x74,0x49,0x6e,0x64,0x65,0x78,0x20,0x3d,0x20,0x69,0x6e,0x64,0x65,0x78,0xa,
  0x20,0x20,0x20,0x20,0x20,0x20,0x20,0x20,0x20,0x20,0x20,0x20,0x20,0x20,0x20,0x20,
  0x20,0x20,0x20,0x20,0x20,0x20,0x20,0x20,0x20,0x20,0x20,0x20,0x69,0x66,0x20,0x28,
  0x21,0x6d,0x6f,0x64,0x65,0x6c,0x2e,0x63,0x68,0x65,0x63,0x6b,0x65,0x64,0x20,0x26,
  0x26,0x20,0x70,0x72,0x6f,0x78,0x79,0x29,0x20,0x70,0x72,0x6f,0x78,0x79,0x2e,0x6d,
  0x61,0x72,0x6b,0x49,0x74,0x65,0x6d,0x41,0x73,0x4c,0x65,0x61,0x72,0x6e,0x65,0x64,
  0x28,0x6d,0x6f,0x64,0x65,0x6c,0x2e,0x70,0x6c,0x61,0x69,0x6e,0x54,0x65,0x78,0x74,
  0x29,0xa,0x20,0x20,0x20,0x20,0x20,0x20,0x20,0x20,0x20,0x20,0x20,0x20,0x20,0x20,
  0x20,0x20,0x20,0x20,0x20,0x20,0x20,0x20,0x20,0x20,0x7d,0xa,0x20,0x20,0x20,0x20,
  0x20,0x20,0x20,0x20,0x20,0x20,0x20,0x20,0x20,0x20,0x20,0x20,0x20,0x20,0x20,0x20,
  0x7d,0xa,0x20,0x20,0x20,0x20,0x20,0x20,0x20,0x20,0x20,0x20,0x20,0x20,0x20,0x20,
  0x20,0x20,0x7d,0xa,0x20,0x20,0x20,0x20,0x20,0x20,0x20,0x20,0x20,0x20,0x20,0x20,
  0x20,0x20,0x20,0x20,0x49,0x74,0x65,0x6d,0x20,0x7b,0xa,0x20,0x20,0x20,0x20,0x20,
  0x20,0x20,0x20,0x20,0x20,0x20,0x20,0x20,0x20,0x20,0x20,0x20,0x20,0x20,0x20,0x4c,
  0x61,0x79,0x6f,0x75,0x74,0x2e,0x66,0x69,0x6c,0x6c,0x57,0x69,0x64,0x74,0x68,0x3a,
  0x20,0x74,0x72,0x75,0x65,0x3b,0x20,0x4c,0x61,0x79,0x6f,0x75,0x74,0x2e,0x66,0x69,
  0x6c,0x6c,0x48,0x65,0x69,0x67,0x68,0x74,0x3a,0x20,0x74,0x72,0x75,0x65,0xa,0x20,
  0x20,0x20,0x20,0x20,0x20,0x20,0x20,0x20,0x20,0x20,0x20,0x20,0x20,0x20,0x20,0x20,
  0x20,0x20,0x20,0x43,0x6f,0x6c,0x75,0x6d,0x6e,0x20,0x7b,0xa,0x20,0x20,0x20,0x20,
  0x20,0x20,0x20,0x20,0x20,0x20,0x20,0x20,0x20,0x20,0x20,0x20,0x20,0x20,0x20,0x20,
  0x20,0x20,0x20,0x20,0x61,0x6e,0x63,0x68,0x6f,0x72,0x73,0x2e,0x66,0x69,0x6c,0x6c,
  0x3a,0x20,0x70,0x61,0x72,0x65,0x6e,0x74,0xa,0x20,0x20,0x20,0x20,0x20,0x20,0x20,
  0x20,0x20,0x20,0x20,0x20,0x20,0x20,0x20,0x20,0x20,0x20,0x20,0x20,0x20,0x20,0x20,
  0x20,0x54,0x65,0x78,0x74,0x20,0x7b,0x20,0x74,0x65,0x78,0x74,0x3a,0x20,0x6d,0x6f,
  0x64,0x65,0x6c,0x2e,0x70,0x6c,0x61,0x69,0x6e,0x54,0x65,0x78,0x74,0x3b,0x20,0x66,
  0x6f,0x6e,0x74,0x2e,0x70,0x69,0x78,0x65,0x6c,0x53,0x69,0x7a,0x65,0x3a,0x20,0x31,
  0x34,0x3b,0x20,0x63,0x6f,0x6c,0x6f,0x72,0x3a,0x20,0x22,0x23,0x33,0x33,0x33,0x22,
  0x20,0x7d,0xa,0x20,0x20,0x20,0x20,0x20,0x20,0x20,0x20,0x20,0x20,0x20,0x20,0x20,
  0x20,0x20,0x20,0x20,0x20,0x20,0x20,0x20,0x20,0x20,0x20,0x54,0x65,0x78,0x74,0x20,
  0x7b,0x20,0x74,0x65,0x78,0x74,0x3a,0x20,0x6d,0x6f,0x64,0x65,0x6c,0x2e,0x73,0x72,
  0x63,0x65,0x3b,0x20,0x66,0x6f,0x6e,0x74,0x2e,0x70,0x69,0x78,0x65,0x6c,0x53,0x69,
  0x7a,0x65,0x3a,0x20,0x31,0x31,0x3b,0x20,0x63,0x6f,0x6c,0x6f,0x72,0x3a,0x20,0x22,
  0x23,0x39,0x39,0x39,0x22,0x20,0x7d,0xa,0x20,0x20,0x20,0x20,0x20,0x20,0x20,0x20,
  0x20,0x20,0x20,0x20,0x20,0x20,0x20,0x20,0x20,0x20,0x20,0x20,0x7d,0xa,0x20,0x20,
  0x20,0x20,0x20,0x20,0x20,0x20,0x20,0x20,0x20,0x20,0x20,0x20,0x20,0x20,0x20,0x20,
  0x20,0x20,0x4d,0x6f,0x75,0x73,0x65,0x41,0x72,0x65,0x61,0x20,0x7b,0xa,0x20,0x20,
  0x20,0x20,0x20,0x20,0x20,0x20,0x20,0x20,0x20,0x20,0x20,0x20,0x20,0x20,0x20,0x20,
  0x20,0x20,0x20,0x20,0x20,0x20,0x61,0x6e,0x63,0x68,0x6f,0x72,0x73,0x2e,0x66,0x69,
  0x6c,0x6c,0x3a,0x20,0x70,0x61,0x72,0x65,0x6e,0x74,0xa,0x20,0x20,0x20,0x20,0x20,
  0x20,0x20,0x20,0x20,0x20,0x20,0x20,0x20,0x20,0x20,0x20,0x20,0x20,0x20,0x20,0x20,
  0x20,0x20,0x20,0x6f,0x6e,0x43,0x6c,0x69,0x63,0x6b,0x65,0x64,0x3a,0x20,0x6c,0x69,
  0x73,0x74,0x56,0x69,0x65,0x77,0x2e,0x63,0x75,0x72,0x72,0x65,0x6e,0x74,0x49,0x6e,
  0x64,0x65,0x78,0x20,0x3d,0x20,0x69,0x6e,0x64,0x65,0x78,0xa,0x20,0x20,0x20,0x20,
  0x20,0x20,0x20,0x20,0x20,0x20,0x20,0x20,0x20,0x20,0x20,0x20,0x20,0x20,0x20,0x20,
  0x20,0x20,0x20,0x20,0x6f,0x6e,0x44,0x6f,0x75,0x62,0x6c,0x65,0x43,0x6c,0x69,0x63,
  0x6b,0x65,0x64,0x3a,0x20,0x7b,0xa,0x20,0x20,0x20,0x20,0x20,0x20,0x20,0x20,0x20,
  0x20,0x20,0x20,0x20,0x20,0x20,0x20,0x20,0x20,0x20,0x20,0x20,0x20,0x20,0x20,0x20,
  0x20,0x20,0x20,0x6c,0x69,0x73,0x74,0x56,0x69,0x65,0x77,0x2e,0x63,0x75,0x72,0x72,
  0x65,0x6e,0x74,0x49,0x6e,0x64,0x65,0x78,0x20,0x3d,0x20,0x69,0x6e,0x64,0x65,0x78,
  0xa,0x20,0x20,0x20,0x20,0x20,0x20,0x20,0x20,0x20,0x20,0x20,0x20,0x20,0x20,0x20,
  0x20,0x20,0x20,0x20,0x20,0x20,0x20,0x20,0x20,0x20,0x20,0x20,0x20,0x6f,0x70,0x65,
  0x6e,0x56,0x69,0x65,0x77,0x65,0x72,0x28,0x69,0x6e,0x64,0x65,0x78,0x29,0xa,0x20,
  0x20,0x20,0x20,0x20,0x20,0x20,0x20,0x20,0x20,0x20,0x20,0x20,0x20,0x20,0x20,0x20,
  0x20,0x20,0x20,0x20,0x20,0x20,0x20,0x7d,0xa,0x20,0x20,0x20,0x20,0x20,0x20,0x20,
  0x20,0x20,0x20,0x20,0x20,0x20,0x20,0x20,0x20,0x20,0x20,0x20,0x20,0x7d,0xa,0x20,
  0x20,0x20,0x20,0x20,0x20,0x20,0x20,0x20,0x20,0x20,0x20,0x20,0x20,0x20,0x20,0x7d,
  0xa,0x20,0x20,0x20,0x20,0x20,0x20,0x20,0x20,0x20,0x20,0x20,0x20,0x7d,0xa,0xa,
  0x20,0x20,0x20,0x20,0x20,0x20,0x20,0x20,0x7d,0xa,0x20,0x20,0x20,0x20,0x7d,0xa,
  0x7d,0xa,
    // NavigationStrips.qml
  0x0,0x0,0x3,0xf9,
  0x2f,
  0x2f,0x20,0x46,0x36,0x2d,0x41,0x2e,0x31,0x2e,0x31,0x3a,0x20,0x34,0x20,0x66,0x72,
  0x61,0x6e,0x6a,0x61,0x73,0x20,0x69,0x6e,0x64,0x65,0x70,0x65,0x6e,0x64,0x69,0x65,
  0x6e,0x74,0x65,0x73,0x20,0x63,0x6f,0x6e,0x20,0x67,0x61,0x70,0x73,0x20,0x79,0x20,
  0x63,0x6f,0x6c,0x6f,0x72,0x65,0x73,0x20,0x6d,0x61,0x74,0x65,0x73,0x2e,0xa,0x69,
  0x6d,0x70,0x6f,0x72,0x74,0x20,0x51,0x74,0x51,0x75,0x69,0x63,0x6b,0xa,0x69,0x6d,
  0x70,0x6f,0x72,0x74,0x20,0x51,0x74,0x51,0x75,0x69,0x63,0x6b,0x2e,0x4c,0x61,0x79,
  0x6f,0x75,0x74,0x73,0xa,0xa,0x49,0x74,0x65,0x6d,0x20,0x7b,0xa,0x20,0x20,0x20,
  0x20,0x69,0x64,0x3a,0x20,0x73,0x74,0x72,0x69,0x70,0xa,0x20,0x20,0x20,0x20,0x70,
  0x72,0x6f,0x70,0x65,0x72,0x74,0x79,0x20,0x69,0x6e,0x74,0x20,0x63,0x75,0x72,0x72,
  0x65,0x6e,0x74,0x54,0x61,0x62,0x3a,0x20,0x30,0xa,0x20,0x20,0x20,0x20,0x73,0x69,
  0x67,0x6e,0x61,0x6c,0x20,0x74,0x61,0x62,0x43,0x68,0x61,0x6e,0x67,0x65,0x64,0x28,
  0x69,0x6e,0x74,0x20,0x74,0x61,0x62,0x29,0xa,0x20,0x20,0x20,0x20,0x69,0x6d,0x70,
  0x6c,0x69,0x63,0x69,0x74,0x48,0x65,0x69,0x67,0x68,0x74,0x3a,0x20,0x31,0x32,0xa,
  0xa,0x20,0x20,0x20,0x20,0x70,0x72,0x6f,0x70,0x65,0x72,0x74,0x79,0x20,0x76,0x61,
  0x72,0x20,0x63,0x6f,0x6c,0x6f,0x72,0x73,0x3a,0x20,0x5b,0x22,0x23,0x63,0x30,0x33,
  0x39,0x32,0x62,0x22,0x2c,0x20,0x22,0x23,0x32,0x37,0x61,0x65,0x36,0x30,0x22,0x2c,
  0x20,0x22,0x23,0x66,0x33,0x39,0x63,0x31,0x32,0x22,0x2c,0x20,0x22,0x23,0x32,0x39,
  0x38,0x30,0x62,0x39,0x22,0x5d,0xa,0x20,0x20,0x20,0x20,0x70,0x72,0x6f,0x70,0x65,
  0x72,0x74,0x79,0x20,0x69,0x6e,0x74,0x20,0x61,0x63,0x74,0x69,0x76,0x65,0x48,0x65,
  0x69,0x67,0x68,0x74,0x3a,0x20,0x31,0x34,0xa,0x20,0x20,0x20,0x20,0x70,0x72,0x6f,
  0x70,0x65,0x72,0x74,0x79,0x20,0x69,0x6e,0x74,0x20,0x69,0x6e,0x61,0x63,0x74,0x69,
  0x76,0x65,0x48,0x65,0x69,0x67,0x68,0x74,0x3a,0x20,0x31,0x30,0xa,0xa,0x20,0x20,
  0x20,0x20,0x52,0x6f,0x77,0x20,0x7b,0xa,0x20,0x20,0x20,0x20,0x20,0x20,0x20,0x20,
  0x61,0x6e,0x63,0x68,0x6f,0x72,0x73,0x2e,0x66,0x69,0x6c,0x6c,0x3a,0x20,0x70,0x61,
  0x72,0x65,0x6e,0x74,0xa,0x20,0x20,0x20,0x20,0x20,0x20,0x20,0x20,0x73,0x70,0x61,
  0x63,0x69,0x6e,0x67,0x3a,0x20,0x36,0xa,0xa,0x20,0x20,0x20,0x20,0x20,0x20,0x20,
  0x20,0x52,0x65,0x70,0x65,0x61,0x74,0x65,0x72,0x20,0x7b,0xa,0x20,0x20,0x20,0x20,
  0x20,0x20,0x20,0x20,0x20,0x20,0x20,0x20,0x6d,0x6f,0x64,0x65,0x6c,0x3a,0x20,0x34,
  0xa,0xa,0x20,0x20,0x20,0x20,0x20,0x20,0x20,0x20,0x20,0x20,0x20,0x20,0x52,0x65,
  0x63,0x74,0x61,0x6e,0x67,0x6c,0x65,0x20,0x7b,0xa,0x20,0x20,0x20,0x20,0x20,0x20,
  0x20,0x20,0x20,0x20,0x20,0x20,0x20,0x20,0x20,0x20,0x79,0x3a,0x20,0x28,0x70,0x61,
  0x72,0x65,0x6e,0x74,0x2e,0x68,0x65,0x69,0x67,0x68,0x74,0x20,0x2d,0x20,0x68,0x65,
  0x69,0x67,0x68,0x74,0x29,0x20,0x2f,0x20,0x32,0xa,0x20,0x20,0x20,0x20,0x20,0x20,
  0x20,0x20,0x20,0x20,0x20,0x20,0x20,0x20,0x20,0x20,0x77,0x69,0x64,0x74,0x68,0x3a,
  0x20,0x28,0x70,0x61,0x72,0x65,0x6e,0x74,0x2e,0x77,0x69,0x64,0x74,0x68,0x20,0x2d,
  0x20,0x33,0x20,0x2a,0x20,0x36,0x29,0x20,0x2f,0x20,0x34,0xa,0x20,0x20,0x20,0x20,
  0x20,0x20,0x20,0x20,0x20,0x20,0x20,0x20,0x20,0x20,0x20,0x20,0x68,0x65,0x69,0x67,
  0x68,0x74,0x3a,0x20,0x69,0x6e,0x64,0x65,0x78,0x20,0x3d,0x3d,0x3d,0x20,0x73,0x74,
  0x72,0x69,0x70,0x2e,0x63,0x75,0x72,0x72,0x65,0x6e,0x74,0x54,0x61,0x62,0x20,0x3f,
  0x20,0x73,0x74,0x72,0x69,0x70,0x2e,0x61,0x63,0x74,0x69,0x76,0x65,0x48,0x65,0x69,
  0x67,0x68,0x74,0x20,0x3a,0x20,0x73,0x74,0x72,0x69,0x70,0x2e,0x69,0x6e,0x61,0x63,
  0x74,0x69,0x76,0x65,0x48,0x65,0x69,0x67,0x68,0x74,0xa,0x20,0x20,0x20,0x20,0x20,
  0x20,0x20,0x20,0x20,0x20,0x20,0x20,0x20,0x20,0x20,0x20,0x72,0x61,0x64,0x69,0x75,
  0x73,0x3a,0x20,0x33,0xa,0x20,0x20,0x20,0x20,0x20,0x20,0x20,0x20,0x20,0x20,0x20,
  0x20,0x20,0x20,0x20,0x20,0x63,0x6f,0x6c,0x6f,0x72,0x3a,0x20,0x73,0x74,0x72,0x69,
  0x70,0x2e,0x63,0x6f,0x6c,0x6f,0x72,0x73,0x5b,0x69,0x6e,0x64,0x65,0x78,0x5d,0xa,
  0xa,0x20,0x20,0x20,0x20,0x20,0x20,0x20,0x20,0x20,0x20,0x20,0x20,0x20,0x20,0x20,
  0x20,0x42,0x65,0x68,0x61,0x76,0x69,0x6f,0x72,0x20,0x6f,0x6e,0x20,0x68,0x65,0x69,
  0x67,0x68,0x74,0x20,0x7b,0x20,0x4e,0x75,0x6d,0x62,0x65,0x72,0x41,0x6e,0x69,0x6d,
  0x61,0x74,0x69,0x6f,0x6e,0x20,0x7b,0x20,0x64,0x75,0x72,0x61,0x74,0x69,0x6f,0x6e,
  0x3a,0x20,0x31,0x32,0x30,0x3b,0x20,0x65,0x61,0x73,0x69,0x6e,0x67,0x2e,0x74,0x79,
  0x70,0x65,0x3a,0x20,0x45,0x61,0x73,0x69,0x6e,0x67,0x2e,0x49,0x6e,0x4f,0x75,0x74,
  0x51,0x75,0x61,0x64,0x20,0x7d,0x20,0x7d,0xa,0xa,0x20,0x20,0x20,0x20,0x20,0x20,
  0x20,0x20,0x20,0x20,0x20,0x20,0x20,0x20,0x20,0x20,0x4d,0x6f,0x75,0x73,0x65,0x41,
  0x72,0x65,0x61,0x20,0x7b,0xa,0x20,0x20,0x20,0x20,0x20,0x20,0x20,0x20,0x20,0x20,
  0x20,0x20,0x20,0x20,0x20,0x20,0x20,0x20,0x20,0x20,0x61,0x6e,0x63,0x68,0x6f,0x72,
  0x73,0x2e,0x66,0x69,0x6c,0x6c,0x3a,0x20,0x70,0x61,0x72,0x65,0x6e,0x74,0xa,0x20,
  0x20,0x20,0x20,0x20,0x20,0x20,0x20,0x20,0x20,0x20,0x20,0x20,0x20,0x20,0x20,0x20,
  0x20,0x20,0x20,0x6f,0x6e,0x43,0x6c,0x69,0x63,0x6b,0x65,0x64,0x3a,0x20,0x73,0x74,
  0x72,0x69,0x70,0x2e,0x74,0x61,0x62,0x43,0x68,0x61,0x6e,0x67,0x65,0x64,0x28,0x69,
  0x6e,0x64,0x65,0x78,0x29,0xa,0x20,0x20,0x20,0x20,0x20,0x20,0x20,0x20,0x20,0x20,
  0x20,0x20,0x20,0x20,0x20,0x20,0x7d,0xa,0x20,0x20,0x20,0x20,0x20,0x20,0x20,0x20,
  0x20,0x20,0x20,0x20,0x7d,0xa,0x20,0x20,0x20,0x20,0x20,0x20,0x20,0x20,0x7d,0xa,
  0x20,0x20,0x20,0x20,0x7d,0xa,0x7d,0xa,
    // TopicsModal.qml
  0x0,0x0,0x3,0xc3,
  0x0,
  0x0,0xd,0x3f,0x78,0xda,0xc5,0x56,0x6d,0x8f,0xda,0x38,0x10,0xfe,0xce,0xaf,0x18,
  0x71,0x5f,0x40,0x6a,0xb3,0xa1,0xb,0x9c,0x36,0x68,0x55,0x51,0x6e,0x57,0x8b,0xd4,
  0xed,0x6d,0x69,0xaf,0xf7,0xd9,0x9b,0x18,0xb0,0xce,0xb1,0x23,0xdb,0xd9,0x5d,0x5a,
  0x21,0xf5,0x47,0xdc,0x2f,0xec,0x2f,0xb9,0xb1,0x4d,0x42,0x2,0x49,0xb7,0x27,0x51,
  0xd5,0x48,0x8,0x8f,0x5f,0x66,0xe6,0x79,0xe6,0x19,0x73,0x76,0x6,0xd7,0xe3,0x97,
  0xb3,0xe0,0xf7,0x8,0x6e,0x65,0x42,0x38,0x24,0x14,0x3e,0xca,0x8c,0xc5,0x1a,0xbe,
  0x7d,0xfd,0x17,0x32,0x22,0xc,0xe1,0x9c,0x40,0x2c,0xd3,0x8c,0x53,0x43,0x5e,0x80,
  0x91,0x92,0xdf,0x13,0x5,0x54,0x1b,0xc6,0x25,0xdc,0x29,0x12,0x1b,0x16,0xd3,0x3f,
  0x18,0xe1,0x72,0x15,0x74,0x58,0x9a,0x49,0x65,0xe0,0xbd,0x79,0x9f,0xb3,0xf8,0x9f,
  0x83,0x69,0x30,0x93,0xc2,0x28,0xc9,0xf5,0xa1,0xfd,0x2d,0xd9,0xc8,0xdc,0x94,0xe6,
  0x79,0xc2,0x64,0xca,0x44,0x2,0x83,0x20,0xec,0x74,0x16,0x34,0x36,0x44,0xac,0x38,
  0x85,0x2f,0x1d,0xc0,0xc1,0x92,0x8,0x52,0x1b,0xac,0x9b,0xc5,0x92,0x4b,0x15,0x41,
  0xf7,0xb7,0xa5,0x1b,0x5d,0x67,0xd4,0x6c,0x25,0x30,0x99,0x98,0x4b,0x4d,0x7b,0xfd,
  0xaa,0xc9,0x7b,0x70,0x29,0xe2,0x82,0x5b,0xc9,0x94,0xcc,0xa8,0x32,0x1b,0x78,0xc0,
  0xb4,0x70,0xf2,0xb4,0x89,0x60,0x9a,0x65,0x81,0xb1,0x9b,0xee,0xec,0xdc,0xef,0x9b,
  0x21,0x6,0x52,0x50,0x61,0x2,0x29,0x66,0x1e,0xf,0x8a,0xa1,0x7c,0x1,0xb6,0x84,
  0x9e,0x3b,0xd7,0xf7,0xc7,0x3,0x45,0x97,0x8a,0xea,0xb5,0x7,0xb2,0xd7,0x87,0x6d,
  0x71,0x1,0xcf,0x53,0xe1,0x73,0xdd,0xe5,0x62,0x7,0x11,0xf1,0x5a,0x2a,0x1d,0x2c,
  0x19,0xe7,0x11,0x42,0xae,0xd0,0xc5,0x4,0x74,0x46,0x62,0x26,0x56,0x11,0x84,0x9d,
  0x72,0xe7,0xd9,0x19,0x5c,0xa5,0x19,0x46,0xaa,0xd,0x31,0xb4,0x34,0x7f,0xa4,0x4f,
  0xd5,0xfb,0xec,0xf0,0x4e,0xdc,0x95,0x7f,0xb3,0xc4,0xac,0x23,0x30,0x2a,0xa7,0x93,
  0xc2,0x4e,0x38,0xa2,0x91,0xa2,0x9f,0x8,0x29,0x8,0xa6,0x76,0x76,0x33,0xc3,0x29,
  0x55,0xb5,0x5b,0xc,0x5e,0x8c,0xd0,0xbe,0x93,0xb0,0x26,0x1b,0x30,0xbe,0x2e,0xa8,
  0xb0,0xdc,0x53,0xa4,0x1,0x49,0x22,0xdd,0xda,0x81,0x25,0xf2,0x1b,0x64,0xec,0x89,
  0xf2,0xf,0xec,0x33,0x8d,0x60,0x30,0x9c,0xec,0x9,0xba,0xb8,0xb8,0xa8,0xef,0x7e,
  0x60,0x9a,0xdd,0x73,0xdc,0xe6,0x50,0x83,0xd7,0x3b,0xf4,0x9c,0x9f,0x99,0xcc,0x85,
  0x81,0xcb,0xcb,0x4b,0x8,0xc1,0x7,0xdf,0x94,0x1f,0x6e,0xbd,0x25,0x6a,0xc5,0x44,
  0x4,0xc3,0xb0,0xdc,0xb0,0xad,0x21,0xe6,0x58,0x0,0xce,0xb4,0x29,0xad,0x6f,0x71,
  0xf2,0x89,0xd1,0xc7,0xff,0x7,0x9a,0xb5,0xdf,0x50,0xb6,0x5a,0x9b,0x62,0x21,0xe6,
  0x2c,0x6b,0x8,0xe,0x8b,0x93,0xf2,0xc6,0xac,0x6e,0xed,0xa,0xe6,0x23,0x72,0xce,
  0x6b,0x47,0xd0,0x4c,0x57,0xc8,0x69,0x4,0x73,0x43,0xd3,0x83,0xb8,0xec,0x78,0xf4,
  0x1,0xf9,0xea,0xb0,0x97,0xba,0x1f,0x81,0x33,0xe3,0x85,0xe1,0x4,0xd6,0xbb,0xd0,
  0xc6,0xe1,0xd1,0xe1,0x85,0x7c,0x3c,0xaa,0xba,0xea,0x68,0xae,0xc0,0xc2,0xca,0xe9,
  0xd2,0x14,0x28,0xf,0xc6,0x7b,0xbb,0xb2,0xfe,0xaa,0xb,0x65,0xc9,0xe,0x5e,0x35,
  0xba,0x99,0xa7,0x64,0x45,0x5b,0x42,0xa8,0xe4,0x38,0xac,0x24,0x33,0xc,0x5b,0x77,
  0x6b,0x99,0xab,0xf8,0xa8,0x78,0x9c,0x32,0x9c,0xa3,0x9e,0xa3,0x1,0xd,0x46,0xf7,
  0x11,0xa1,0x6e,0xb7,0xf5,0x26,0x9b,0xb6,0x65,0x26,0xf2,0x11,0x6,0x77,0x28,0x5e,
  0xaa,0x1e,0xe8,0x54,0x67,0xd8,0x7a,0xae,0x99,0x79,0x26,0x6,0x5f,0xeb,0x28,0x24,
  0x8d,0x3f,0x7a,0xc3,0xf0,0x5,0x86,0xdd,0x6f,0x3c,0xb3,0x6d,0xb4,0x7a,0xfd,0xb6,
  0x96,0x9f,0x57,0xa1,0xcf,0x46,0x90,0x14,0x2d,0x47,0x32,0x1b,0xef,0x6c,0xf7,0x92,
  0x27,0x65,0x71,0x16,0xba,0x3b,0x3f,0x3f,0xef,0x4e,0x80,0x72,0x66,0x33,0xb4,0xbe,
  0x82,0x2b,0xfb,0x7b,0x61,0x11,0x6e,0x88,0xe8,0xd8,0x72,0x2b,0x73,0x4d,0xa7,0x8a,
  0x12,0xc,0xb2,0xb9,0x54,0xb0,0x21,0x72,0xec,0xe3,0x2d,0xed,0x50,0x63,0x71,0xc7,
  0xbb,0x9e,0xbb,0x4f,0xa3,0x3f,0xf1,0x5d,0x3c,0xd8,0x75,0x69,0xd8,0x1e,0xb8,0xde,
  0xb6,0x8,0xfa,0x5a,0x4a,0x6c,0x54,0xe5,0x43,0xd4,0xd3,0x78,0x19,0x76,0xc4,0xd,
  0x3e,0x10,0x44,0x1f,0x3c,0x48,0x7b,0x1a,0xe,0x5f,0x91,0xe7,0x44,0x5f,0x54,0xe0,
  0x68,0x5c,0x81,0x72,0x39,0xb2,0x9f,0x7a,0x25,0xdd,0x4b,0x95,0x50,0x15,0x94,0x7b,
  0x68,0x68,0x3f,0x88,0xf8,0x6e,0x61,0x57,0xd5,0x83,0x4e,0xe7,0x47,0x25,0x79,0x12,
  0x39,0x76,0x8e,0xbb,0x40,0xb,0x2,0x7,0xf2,0x1b,0x84,0x15,0xfd,0x9d,0xa3,0x3,
  0x45,0x12,0x96,0x6b,0x6c,0x2c,0x25,0x10,0x22,0xa7,0xf,0xd2,0x55,0x45,0x90,0xa1,
  0x56,0x34,0x4d,0x50,0x7f,0x65,0xe6,0x50,0x41,0x6a,0x72,0x4,0x4f,0x1c,0xc7,0xdd,
  0xef,0xa9,0xa0,0x48,0x27,0x76,0xcf,0xd1,0x5c,0xec,0x1,0x28,0x5e,0xa3,0xbf,0xae,
  0x3e,0xfd,0xd9,0x6d,0x10,0xc1,0xab,0xef,0x89,0x60,0x34,0x1a,0x75,0x5b,0xe4,0x57,
  0x2d,0x6f,0xfb,0xdf,0x62,0x9f,0xdd,0xa4,0x85,0x8a,0x38,0x57,0x5a,0xaa,0xf,0x6b,
  0x92,0x79,0xdd,0xdf,0x49,0x26,0xc,0x76,0xbe,0x1b,0x22,0x92,0x99,0x5b,0xab,0x4b,
  0x62,0xdb,0x28,0xb3,0x23,0x93,0x6f,0xfd,0x2d,0x15,0xd9,0x74,0xe0,0x74,0x8c,0x92,
  0x2c,0xe3,0x9b,0x5f,0xc5,0xe8,0xf4,0xcd,0x62,0xbe,0xf8,0x99,0x8c,0xee,0xb3,0x3b,
  0x15,0xa3,0xf5,0xd6,0x55,0x74,0xb2,0xda,0x9f,0x4b,0xf8,0x41,0xd6,0x4f,0x47,0xa2,
  0x8b,0xe6,0x57,0x91,0x38,0xbb,0x5a,0x2c,0xa6,0x3f,0x95,0xc5,0x7d,0x7a,0x27,0x62,
  0xf1,0xe0,0xf9,0x79,0xe6,0x25,0xac,0x3e,0x47,0xfe,0x7b,0xdb,0xf9,0xf,0x6c,0xdf,
  0xcc,0xa8,
    // LearntView.qml
  0x0,0x0,0x4,0xa7,
  0x2f,
  0x2f,0x20,0x46,0x36,0x2d,0x42,0x2e,0x37,0x3a,0x20,0x56,0x69,0x73,0x74,0x61,0x20,
  0x22,0x41,0x70,0x72,0x65,0x6e,0x64,0x69,0x64,0x6f,0x73,0x22,0x20,0xe2,0x80,0x94,
  0x20,0x64,0x61,0x74,0x6f,0x73,0x20,0x72,0x65,0x61,0x6c,0x65,0x73,0x20,0x64,0x65,
  0x6c,0x20,0x74,0x6f,0x70,0x69,0x63,0x20,0x61,0x63,0x74,0x69,0x76,0x6f,0x2e,0xa,
  0x69,0x6d,0x70,0x6f,0x72,0x74,0x20,0x51,0x74,0x51,0x75,0x69,0x63,0x6b,0xa,0x69,
  0x6d,0x70,0x6f,0x72,0x74,0x20,0x51,0x74,0x51,0x75,0x69,0x63,0x6b,0x2e,0x4c,0x61,
  0x79,0x6f,0x75,0x74,0x73,0xa,0x69,0x6d,0x70,0x6f,0x72,0x74,0x20,0x49,0x64,0x69,
  0x6f,0x6d,0x69,0x6e,0x64,0x20,0x31,0x2e,0x30,0xa,0xa,0x52,0x65,0x63,0x74,0x61,
  0x6e,0x67,0x6c,0x65,0x20,0x7b,0xa,0x20,0x20,0x20,0x20,0x63,0x6f,0x6c,0x6f,0x72,
  0x3a,0x20,0x22,0x23,0x66,0x61,0x66,0x61,0x66,0x61,0x22,0xa,0xa,0x20,0x20,0x20,
  0x20,0x70,0x72,0x6f,0x70,0x65,0x72,0x74,0x79,0x20,0x76,0x61,0x72,0x20,0x70,0x72,
  0x6f,0x78,0x79,0x3a,0x20,0x41,0x70,0x70,0x2e,0x74,0x6f,0x70,0x69,0x63,0x50,0x72,
  0x6f,0x78,0x79,0xa,0xa,0x20,0x20,0x20,0x20,0x4c,0x69,0x73,0x74,0x56,0x69,0x65,
  0x77,0x20,0x7b,0xa,0x20,0x20,0x20,0x20,0x20,0x20,0x20,0x20,0x61,0x6e,0x63,0x68,
  0x6f,0x72,0x73,0x2e,0x66,0x69,0x6c,0x6c,0x3a,0x20,0x70,0x61,0x72,0x65,0x6e,0x74,
  0x3b,0x20,0x63,0x6c,0x69,0x70,0x3a,0x20,0x74,0x72,0x75,0x65,0xa,0x20,0x20,0x20,
  0x20,0x20,0x20,0x20,0x20,0x6d,0x6f,0x64,0x65,0x6c,0x3a,0x20,0x70,0x72,0x6f,0x78,
  0x79,0x20,0x3f,0x20,0x70,0x72,0x6f,0x78,0x79,0x2e,0x6c,0x65,0x61,0x72,0x6e,0x74,
  0x4d,0x6f,0x64,0x65,0x6c,0x20,0x3a,0x20,0x6e,0x75,0x6c,0x6c,0xa,0xa,0x20,0x20,
  0x20,0x20,0x20,0x20,0x20,0x20,0x2f,0x2f,0x20,0x45,0x6d,0x70,0x74,0x79,0x20,0x73,
  0x74,0x61,0x74,0x65,0xa,0x20,0x20,0x20,0x20,0x20,0x20,0x20,0x20,0x54,0x65,0x78,
  0x74,0x20,0x7b,0xa,0x20,0x20,0x20,0x20,0x20,0x20,0x20,0x20,0x20,0x20,0x20,0x20,
  0x61,0x6e,0x63,0x68,0x6f,0x72,0x73,0x2e,0x63,0x65,0x6e,0x74,0x65,0x72,0x49,0x6e,
  0x3a,0x20,0x70,0x61,0x72,0x65,0x6e,0x74,0xa,0x20,0x20,0x20,0x20,0x20,0x20,0x20,
  0x20,0x20,0x20,0x20,0x20,0x74,0x65,0x78,0x74,0x3a,0x20,0x70,0x72,0x6f,0x78,0x79,
  0x20,0x26,0x26,0x20,0x70,0x72,0x6f,0x78,0x79,0x2e,0x61,0x63,0x74,0x69,0x76,0x65,
  0x54,0x6f,0x70,0x69,0x63,0xa,0x20,0x20,0x20,0x20,0x20,0x20,0x20,0x20,0x20,0x20,
  0x20,0x20,0x20,0x20,0x20,0x20,0x3f,0x20,0x22,0x4e,0x6f,0x20,0x68,0x61,0x79,0x20,
  0xc3,0xad,0x74,0x65,0x6d,0x73,0x20,0x61,0x70,0x72,0x65,0x6e,0x64,0x69,0x64,0x6f,
  0x73,0x22,0xa,0x20,0x20,0x20,0x20,0x20,0x20,0x20,0x20,0x20,0x20,0x20,0x20,0x20,
  0x20,0x20,0x20,0x3a,0x20,0x22,0x53,0x65,0x6c,0x65,0x63,0x63,0x69,0x6f,0x6e,0x61,
  0x20,0x75,0x6e,0x20,0x74,0x6f,0x70,0x69,0x63,0x22,0xa,0x20,0x20,0x20,0x20,0x20,
  0x20,0x20,0x20,0x20,0x20,0x20,0x20,0x66,0x6f,0x6e,0x74,0x2e,0x70,0x69,0x78,0x65,
  0x6c,0x53,0x69,0x7a,0x65,0x3a,0x20,0x31,0x34,0x3b,0x20,0x63,0x6f,0x6c,0x6f,0x72,
  0x3a,0x20,0x22,0x23,0x39,0x39,0x39,0x22,0xa,0x20,0x20,0x20,0x20,0x20,0x20,0x20,
  0x20,0x20,0x20,0x20,0x20,0x76,0x69,0x73,0x69,0x62,0x6c,0x65,0x3a,0x20,0x70,0x72,
  0x6f,0x78,0x79,0x20,0x26,0x26,0x20,0x70,0x72,0x6f,0x78,0x79,0x2e,0x6c,0x65,0x61,
  0x72,0x6e,0x74,0x4d,0x6f,0x64,0x65,0x6c,0x20,0x26,0x26,0x20,0x70,0x72,0x6f,0x78,
  0x79,0x2e,0x6c,0x65,0x61,0x72,0x6e,0x74,0x4d,0x6f,0x64,0x65,0x6c,0x2e,0x69,0x74,
  0x65,0x6d,0x43,0x6f,0x75,0x6e,0x74,0x20,0x3d,0x3d,0x3d,0x20,0x30,0xa,0x20,0x20,
  0x20,0x20,0x20,0x20,0x20,0x20,0x7d,0xa,0xa,0x20,0x20,0x20,0x20,0x20,0x20,0x20,
  0x20,0x64,0x65,0x6c,0x65,0x67,0x61,0x74,0x65,0x3a,0x20,0x52,0x65,0x63,0x74,0x61,
  0x6e,0x67,0x6c,0x65,0x20,0x7b,0xa,0x20,0x20,0x20,0x20,0x20,0x20,0x20,0x20,0x20,
  0x20,0x20,0x20,0x77,0x69,0x64,0x74,0x68,0x3a,0x20,0x70,0x61,0x72,0x65,0x6e,0x74,
  0x20,0x3f,0x20,0x70,0x61,0x72,0x65,0x6e,0x74,0x2e,0x77,0x69,0x64,0x74,0x68,0x20,
  0x3a,0x20,0x30,0x3b,0x20,0x68,0x65,0x69,0x67,0x68,0x74,0x3a,0x20,0x34,0x34,0xa,
  0x20,0x20,0x20,0x20,0x20,0x20,0x20,0x20,0x20,0x20,0x20,0x20,0x63,0x6f,0x6c,0x6f,
  0x72,0x3a,0x20,0x69,0x6e,0x64,0x65,0x78,0x20,0x25,0x20,0x32,0x20,0x3d,0x3d,0x3d,
  0x20,0x30,0x20,0x3f,0x20,0x22,0x23,0x66,0x66,0x66,0x66,0x66,0x66,0x22,0x20,0x3a,
  0x20,0x22,0x23,0x66,0x61,0x66,0x61,0x66,0x61,0x22,0xa,0x20,0x20,0x20,0x20,0x20,
  0x20,0x20,0x20,0x20,0x20,0x20,0x20,0x52,0x6f,0x77,0x4c,0x61,0x79,0x6f,0x75,0x74,
  0x20,0x7b,0xa,0x20,0x20,0x20,0x20,0x20,0x20,0x20,0x20,0x20,0x20,0x20,0x20,0x20,
  0x20,0x20,0x20,0x61,0x6e,0x63,0x68,0x6f,0x72,0x73,0x2e,0x66,0x69,0x6c,0x6c,0x3a,
  0x20,0x70,0x61,0x72,0x65,0x6e,0x74,0x3b,0x20,0x61,0x6e,0x63,0x68,0x6f,0x72,0x73,
  0x2e,0x6c,0x65,0x66,0x74,0x4d,0x61,0x72,0x67,0x69,0x6e,0x3a,0x20,0x31,0x36,0x3b,
  0x20,0x61,0x6e,0x63,0x68,0x6f,0x72,0x73,0x2e,0x72,0x69,0x67,0x68,0x74,0x4d,0x61,
  0x72,0x67,0x69,0x6e,0x3a,0x20,0x31,0x36,0xa,0x20,0x20,0x20,0x20,0x20,0x20,0x20,
  0x20,0x20,0x20,0x20,0x20,0x20,0x20,0x20,0x20,0x43,0x6f,0x6c,0x75,0x6d,0x6e,0x20,
  0x7b,0xa,0x20,0x20,0x20,0x20,0x20,0x20,0x20,0x20,0x20,0x20,0x20,0x20,0x20,0x20,
  0x20,0x20,0x20,0x20,0x20,0x20,0x4c,0x61,0x79,0x6f,0x75,0x74,0x2e,0x66,0x69,0x6c,
  0x6c,0x57,0x69,0x64,0x74,0x68,0x3a,0x20,0x74,0x72,0x75,0x65,0xa,0x20,0x20,0x20,
  0x20,0x20,0x20,0x20,0x20,0x20,0x20,0x20,0x20,0x20,0x20,0x20,0x20,0x20,0x20,0x20,
  0x20,0x54,0x65,0x78,0x74,0x20,0x7b,0x20,0x74,0x65,0x78,0x74,0x3a,0x20,0x6d,0x6f,
  0x64,0x65,0x6c,0x2e,0x70,0x6c,0x61,0x69,0x6e,0x54,0x65,0x78,0x74,0x3b,0x20,0x66,
  0x6f,0x6e,0x74,0x2e,0x70,0x69,0x78,0x65,0x6c,0x53,0x69,0x7a,0x65,0x3a,0x20,0x31,
  0x34,0x3b,0x20,0x63,0x6f,0x6c,0x6f,0x72,0x3a,0x20,0x22,0x23,0x33,0x33,0x33,0x22,
  0x20,0x7d,0xa,0x20,0x20,0x20,0x20,0x20,0x20,0x20,0x20,0x20,0x20,0x20,0x20,0x20,
  0x20,0x20,0x20,0x20,0x20,0x20,0x20,0x54,0x65,0x78,0x74,0x20,0x7b,0x20,0x74,0x65,
  0x78,0x74,0x3a,0x20,0x6d,0x6f,0x64,0x65,0x6c,0x2e,0x73,0x72,0x63,0x65,0x3b,0x20,
  0x66,0x6f,0x6e,0x74,0x2e,0x70,0x69,0x78,0x65,0x6c,0x53,0x69,0x7a,0x65,0x3a,0x20,
  0x31,0x31,0x3b,0x20,0x63,0x6f,0x6c,0x6f,0x72,0x3a,0x20,0x22,0x23,0x39,0x39,0x39,
  0x22,0x20,0x7d,0xa,0x20,0x20,0x20,0x20,0x20,0x20,0x20,0x20,0x20,0x20,0x20,0x20,
  0x20,0x20,0x20,0x20,0x7d,0xa,0x20,0x20,0x20,0x20,0x20,0x20,0x20,0x20,0x20,0x20,
  0x20,0x20,0x7d,0xa,0x20,0x20,0x20,0x20,0x20,0x20,0x20,0x20,0x7d,0xa,0x20,0x20,
  0x20,0x20,0x7d,0xa,0x7d,0xa,
    // ViewerDialog.qml
  0x0,0x0,0x7,0xe2,
  0x0,
  0x0,0x3f,0xab,0x78,0xda,0xed,0x5b,0xfd,0x76,0xda,0x38,0x16,0xff,0x9f,0xa7,0x50,
  0xbd,0x67,0x67,0x60,0x9a,0x38,0xe0,0x10,0x86,0x42,0xd3,0x39,0x84,0xd2,0x6d,0xce,
  0x69,0x9b,0x36,0xc9,0x34,0x7f,0xec,0xee,0xd9,0xa3,0xd8,0x2,0xb4,0x63,0x24,0x1f,
  0x59,0x84,0x64,0x3a,0x79,0xaa,0x79,0x84,0x79,0xb1,0xbd,0x92,0x8d,0xb1,0xc1,0x36,
  0x86,0x42,0x93,0x6c,0x31,0x67,0x3a,0xb1,0x2c,0x5d,0xdf,0x8f,0xdf,0xfd,0x90,0x64,
  0x1d,0x1c,0xa0,0xcf,0x94,0x4c,0x88,0x78,0x4d,0xb1,0xcb,0x7,0x2d,0x74,0x43,0x7d,
  0x89,0x91,0xcd,0x47,0x9e,0x4b,0xe0,0xf,0x87,0xa0,0x31,0x43,0xa7,0x92,0x8c,0x50,
  0x79,0xc2,0x85,0x73,0xe0,0x13,0x26,0x9,0xb3,0x49,0x65,0xf,0xb9,0xf8,0x8e,0x8f,
  0x25,0xea,0x8f,0x5d,0xd7,0xb7,0x5,0x21,0xcc,0x2c,0xd1,0x91,0xc7,0x85,0x44,0x9f,
  0xe4,0xa7,0x31,0xb5,0x7f,0x9b,0xbb,0x35,0xbb,0x9c,0x49,0xc1,0x5d,0x7f,0xbe,0xfd,
  0x9d,0x26,0x14,0x35,0x9f,0x3a,0x94,0x8f,0x28,0x73,0x50,0xcd,0xac,0x96,0x4a,0xe7,
  0xc4,0x96,0x98,0xd,0x5c,0x82,0xbe,0x94,0x10,0x5c,0xd4,0x51,0x4c,0x2a,0x96,0xf5,
  0xad,0xcd,0x5d,0x2e,0x5a,0xc8,0xf8,0x5b,0x1f,0xab,0x9f,0xa1,0x1b,0x7d,0x3a,0x60,
  0xd8,0x45,0xb6,0xcb,0x7d,0x52,0xae,0x94,0x74,0x9b,0x27,0xb8,0x47,0x84,0xbc,0x43,
  0x37,0x58,0xa8,0x9b,0xdb,0xbb,0x16,0xea,0x78,0x9e,0x29,0xb9,0x47,0xed,0x8f,0xea,
  0x3e,0xd9,0x8d,0x32,0x89,0x28,0xc8,0x7d,0xca,0x1c,0x72,0xdb,0x42,0xd5,0x45,0x22,
  0xea,0xe9,0x6b,0x2c,0x71,0xb,0x95,0xbf,0xdc,0x57,0x92,0xcf,0x5,0x81,0xf7,0xf7,
  0x39,0x97,0x44,0x5c,0x51,0x87,0xc0,0x7f,0x72,0xd8,0x42,0xef,0xb1,0x1c,0x9a,0x20,
  0x5a,0xb9,0x59,0xdd,0xb,0x6f,0xf0,0x6d,0xb9,0x51,0xdf,0x43,0x13,0xd5,0x1,0xfd,
  0x84,0xaa,0xa6,0x55,0xad,0x64,0xd3,0xea,0xd8,0x92,0x72,0x36,0x4f,0xad,0x5e,0x8f,
  0x51,0x3b,0x6c,0xc4,0xa9,0xd5,0xac,0x1c,0x6a,0x5d,0xa5,0x9f,0x55,0x88,0xd5,0x2a,
  0xa1,0x32,0xbb,0x80,0xf,0xce,0x0,0xa,0x26,0x67,0xdd,0x0,0x2b,0x4,0xec,0xe2,
  0x72,0xec,0x28,0xac,0x94,0x83,0x77,0x72,0x76,0x3a,0x55,0x60,0x77,0x8,0x36,0x9c,
  0xeb,0xa2,0xfb,0xf4,0xc7,0x4c,0xcb,0x14,0x7b,0x10,0x1a,0x5a,0x1b,0xbb,0x8f,0xca,
  0xda,0x56,0x95,0x48,0xdb,0xe8,0x38,0xb0,0x9e,0xa9,0x1a,0x3a,0xb2,0x1c,0xd9,0xa8,
  0x82,0xfe,0xf8,0x63,0x66,0x89,0xfb,0x29,0xa3,0xee,0x78,0xc4,0x2,0x80,0xc5,0xe8,
  0x62,0x66,0xf,0xb9,0xf0,0xcd,0x3e,0x75,0xdd,0x16,0xf2,0xb0,0x0,0x51,0xda,0xc8,
  0xf7,0xb0,0x4d,0xd9,0x40,0x19,0x3b,0xea,0x79,0x70,0x80,0x8e,0x8f,0x8f,0x51,0xf7,
  0xec,0xc3,0x65,0xef,0xc3,0x25,0xea,0x9c,0xf7,0x3a,0xaa,0x21,0x7a,0xfe,0xc6,0x5,
  0x4,0xe3,0xeb,0x8,0x9e,0x11,0xe7,0x20,0xab,0xcd,0x95,0xaf,0xc8,0xa8,0x4b,0xa2,
  0x43,0xc0,0x93,0xe6,0x20,0x34,0x81,0x14,0x63,0xd2,0x8e,0xb7,0xbf,0x25,0x74,0x30,
  0x94,0xc1,0x83,0xc4,0xd8,0x90,0x70,0x38,0x4e,0x1b,0x28,0xed,0xf9,0x74,0x7c,0x78,
  0xdb,0xc5,0xec,0x6,0xfb,0xe6,0x50,0xb7,0x26,0xfb,0xbb,0xd4,0x4b,0x79,0xcd,0x35,
  0x1f,0x33,0xc7,0x3f,0x21,0x43,0x7c,0x43,0x95,0x93,0x45,0x82,0x98,0x17,0xe0,0x35,
  0x1d,0x79,0xa2,0x9f,0x97,0x12,0x63,0x74,0xa8,0x48,0xaa,0x62,0x4e,0x1d,0x1,0x1b,
  0xb,0x3d,0x26,0x81,0x30,0xf3,0x3a,0x33,0x17,0xa5,0x53,0xd7,0x30,0x14,0x2d,0x42,
  0xea,0xc2,0xb8,0xa0,0xc7,0xde,0x94,0xe0,0x89,0xcb,0x21,0xd2,0x40,0x84,0x81,0xe,
  0x34,0xd4,0xc,0x7a,0x8e,0xea,0xcd,0x4a,0x69,0x81,0x78,0x6,0x68,0x32,0xe4,0xd1,
  0x94,0x53,0x3b,0x4d,0xe2,0xae,0x5,0x3c,0x46,0x4e,0xf,0x6e,0x16,0x60,0x2e,0x90,
  0xe,0xed,0x3,0x1f,0x7b,0xe8,0xe7,0xc8,0xf5,0xb3,0xa4,0x4d,0xb2,0x9f,0xda,0x15,
  0x42,0xd5,0x3c,0x6d,0xfd,0xff,0xa,0x3a,0x40,0x56,0xea,0x88,0xbb,0x18,0x87,0x16,
  0x38,0xff,0x74,0x78,0xf0,0x52,0x18,0x1f,0xfc,0x51,0xd1,0x21,0xe0,0xb0,0x9a,0xce,
  0x61,0x9a,0xeb,0xc4,0x2f,0x70,0xa3,0xfd,0xfd,0x7d,0x74,0x75,0x76,0xfe,0x1a,0x7d,
  0x3e,0xed,0x5d,0xa1,0xb2,0xbc,0xf3,0x8,0x78,0x12,0x32,0x6a,0x46,0x45,0x3d,0x4b,
  0x1d,0x56,0xc0,0x12,0xd9,0xbe,0x94,0xd9,0x1d,0x72,0x1c,0x5,0x88,0xb4,0xa2,0x98,
  0x62,0x86,0xcc,0x68,0x6e,0x32,0x87,0x2d,0x93,0x51,0x5d,0x97,0xe4,0x36,0x8f,0xd1,
  0x2,0x8e,0x7f,0xcd,0xa5,0xe4,0xa3,0xf7,0x58,0xc,0x28,0x6b,0xa1,0x46,0x2e,0x29,
  0x9,0x6f,0x8b,0x4b,0x21,0x6,0x52,0x5,0x41,0xc3,0xc8,0x1d,0xd5,0x7,0xdc,0x9a,
  0x1e,0xbd,0x25,0xee,0x5,0xfd,0x1d,0xb4,0x60,0x35,0xdb,0x41,0xdb,0x35,0x77,0x9d,
  0x29,0x37,0x51,0x5e,0xb5,0x2c,0x2b,0x9f,0x1c,0x4,0x52,0xfa,0x3b,0xc,0xc7,0x6e,
  0xc7,0x85,0xbc,0x3b,0x2,0xec,0xb4,0xb4,0x1e,0x4c,0x7d,0xff,0xb6,0xab,0x2a,0x6,
  0x91,0x4b,0x62,0x22,0xb0,0xf7,0x9e,0x3b,0x24,0x1c,0x77,0x5,0xb7,0x99,0xfd,0xef,
  0xbf,0x9d,0xf2,0xad,0xfa,0x2a,0xda,0xf7,0x85,0x4d,0xd6,0xd0,0x7e,0xad,0x19,0x53,
  0xf6,0xd1,0xd1,0xd1,0xf7,0xaa,0xec,0x5a,0x3e,0xd4,0x17,0x7d,0xd6,0xa5,0xec,0x37,
  0xf4,0xc3,0xf,0x73,0xd,0xcf,0x94,0x13,0x1b,0xab,0xd8,0x4d,0xf,0xfb,0x5,0x95,
  0x8d,0x97,0x18,0xd,0x5,0xe9,0x1f,0xff,0x68,0x40,0x62,0x48,0x3e,0x7e,0x8e,0x8c,
  0x1f,0x5f,0xa5,0x36,0xbf,0x3c,0xc0,0xaf,0x20,0x80,0xb5,0x56,0x36,0xfb,0x61,0xcc,
  0xec,0x87,0xd7,0x4d,0xab,0xdf,0xd8,0xba,0xe5,0x95,0xe0,0x6f,0xb8,0x18,0xe1,0xe9,
  0xc8,0x73,0x6a,0xf,0xd5,0x1f,0xb9,0xa3,0x38,0x7b,0x7,0xb2,0xaa,0xca,0xf3,0x6,
  0xeb,0x2a,0xef,0x13,0x54,0x7d,0x1e,0x61,0xbf,0xa,0xb7,0x77,0xb,0xaf,0x84,0x4a,
  0xdb,0xbd,0x2b,0x2b,0x7d,0x54,0xd6,0xc1,0x51,0xc1,0x10,0xbf,0x7d,0x3c,0x91,0xdb,
  0x91,0x97,0xc0,0x93,0x6e,0x28,0x80,0xa7,0x28,0x2f,0xe4,0xbf,0xb1,0x80,0xc3,0xac,
  0x91,0xcb,0x92,0xa0,0x36,0x7a,0xff,0x25,0x50,0x23,0x70,0x63,0x69,0xff,0x5,0x3c,
  0xd6,0xf2,0x92,0x0,0xc6,0x78,0x39,0xc9,0xd,0x20,0xf4,0xfe,0xc1,0x35,0x98,0xb4,
  0xfe,0xf2,0x70,0x9e,0xaa,0xcb,0x7a,0xa8,0x4b,0xa,0xba,0xa0,0xf6,0x82,0x36,0xeb,
  0xf5,0xfa,0x37,0xd1,0xe6,0xaa,0xd1,0x3e,0xdf,0x2,0x4f,0xc1,0x87,0x1d,0xd2,0x67,
  0x9,0x1f,0xd6,0xd,0x4f,0xcc,0x87,0x5f,0x93,0x3e,0x65,0x50,0xe6,0xff,0xf5,0x27,
  0xdb,0xf9,0xf1,0x57,0xfb,0xb1,0x46,0xc0,0xfa,0x7e,0x5c,0xbc,0x34,0x7b,0x6a,0x4e,
  0xfb,0xe0,0x5,0x9c,0xc4,0x3,0x3f,0xe1,0xac,0xba,0x61,0xf5,0x2,0x4e,0xf,0x5b,
  0xa3,0xf0,0xb6,0x62,0xd6,0x7d,0xf1,0xe2,0xc5,0x56,0xcb,0xaf,0xa7,0x10,0x3c,0x19,
  0x97,0x24,0x61,0xf,0xdd,0xf0,0xc4,0x82,0xe7,0x7,0x2e,0xf1,0x2e,0x6a,0x7e,0x75,
  0xd4,0xd4,0xa6,0x5f,0x33,0x6a,0xc6,0x67,0x36,0x8d,0x46,0xe3,0x49,0x46,0xcd,0x15,
  0x7c,0x38,0x5c,0xda,0xba,0xe8,0xa9,0x15,0xe2,0x6e,0x2f,0xbe,0xbc,0xf5,0xec,0x31,
  0x2d,0x6f,0x3d,0x7b,0xea,0xcb,0x5b,0x3,0x31,0x12,0x89,0xf8,0xa4,0x1b,0x82,0xf8,
  0x4,0x13,0xf8,0x64,0x73,0xb,0x95,0x53,0xd6,0xc5,0x2a,0xab,0x2d,0x8c,0x59,0x8f,
  0x78,0x1d,0x6c,0xbd,0x9,0xfd,0xff,0xdd,0xea,0x59,0x63,0xb7,0x7a,0xb6,0x5b,0x3d,
  0xfb,0x7e,0x57,0xcf,0x20,0xf9,0x5c,0x71,0xe1,0xf8,0x48,0x62,0x6d,0x5f,0x72,0x8b,
  0x6d,0xe9,0xde,0x21,0x39,0xe1,0x8,0x2b,0xc9,0x88,0xa3,0x14,0x5,0x59,0xc6,0x37,
  0x37,0x51,0x81,0xaa,0x7d,0x2f,0xf5,0x1d,0x80,0x7f,0xb9,0xb0,0xa1,0xf9,0x6d,0xf1,
  0x3b,0x51,0x42,0xc7,0xf1,0xab,0x1b,0xa,0xe0,0x37,0xb1,0x85,0xaf,0x44,0xf9,0x88,
  0x85,0xf4,0xe3,0xe9,0x42,0x53,0xa,0xd2,0x85,0xe9,0x7b,0x2e,0x95,0x65,0xe3,0x3f,
  0x4b,0x32,0x47,0x91,0xdc,0xa9,0xae,0xd8,0xc7,0xc,0x99,0xfa,0x99,0x6e,0xf6,0xd5,
  0x62,0x10,0x27,0x4d,0xf5,0x33,0xf2,0x90,0xa0,0xc9,0xf3,0x49,0x21,0x2b,0xe6,0x99,
  0x67,0xfa,0xfa,0xc3,0x46,0x62,0x43,0x7c,0x19,0xb9,0xf9,0xcf,0x34,0x36,0xf1,0xfa,
  0xd9,0xb7,0x1d,0x47,0xea,0x67,0x14,0x22,0x5c,0xb0,0x4c,0xce,0xff,0x12,0x60,0xda,
  0xea,0x92,0xbe,0x8c,0x20,0x6a,0x15,0x26,0x1a,0xce,0x45,0x2e,0x3b,0xe7,0xff,0xe8,
  0x5d,0x1a,0xed,0x15,0xa7,0x1b,0x4b,0xe7,0xa2,0x9,0xcf,0x0,0x2c,0x53,0x3b,0x23,
  0xac,0x7d,0x2e,0x58,0x39,0x2f,0x9f,0x7c,0x14,0xeb,0x11,0x87,0x77,0xb8,0xf9,0x5d,
  0xcb,0x30,0xe9,0xc,0xd1,0x3b,0x64,0xad,0x8e,0xac,0x8b,0xb3,0x5f,0xcf,0xbb,0xbd,
  0xef,0x4,0x59,0xf7,0xf,0x1b,0x53,0x89,0x47,0x20,0x73,0x8b,0x2,0x96,0x1f,0x41,
  0x5d,0xe8,0x86,0x5f,0x53,0xf4,0x5d,0xce,0x45,0x79,0x96,0x2a,0xcd,0x28,0xd5,0x80,
  0xe9,0xd9,0x40,0xe,0xd5,0xf7,0x18,0x95,0xa5,0x24,0x81,0x20,0x19,0xc0,0xeb,0x5b,
  0x2b,0xc5,0xf6,0x2d,0xc4,0xf7,0x75,0x3c,0xb1,0x18,0x1b,0x85,0x49,0x85,0x96,0xa3,
  0xea,0x63,0x2f,0xf4,0x77,0x64,0xe9,0xf,0x36,0xaa,0x50,0x7c,0x82,0x1b,0xeb,0xcb,
  0x40,0xf3,0x1f,0x2,0x6e,0xc1,0xad,0xb7,0xe6,0xda,0x33,0xf7,0x4e,0x43,0xcd,0x3f,
  0x3,0xb1,0x7f,0x42,0xd6,0xbf,0xb,0xae,0xcb,0x14,0x5e,0xd9,0x3e,0x3c,0x3c,0x5c,
  0x8d,0xda,0xc6,0x22,0x43,0xb1,0xe8,0x50,0xbc,0xd7,0x56,0xf2,0xcf,0xe,0xf9,0x8f,
  0x5,0xf9,0x30,0x63,0xac,0x6d,0x1c,0xfd,0x85,0x56,0x28,0x1f,0x3d,0xfa,0x1f,0x38,
  0x83,0xee,0xb6,0x9f,0x76,0xdb,0x4f,0xbb,0xed,0xa7,0xdd,0xf6,0xd3,0x6e,0xfb,0x69,
  0x9b,0xdb,0x4f,0xf9,0x2d,0xb3,0xbb,0xfb,0x85,0xe3,0xb,0x6f,0xce,0xce,0x2e,0x7b,
  0xe7,0xe8,0xf2,0xec,0xec,0xdd,0x49,0xe7,0x3c,0x71,0x80,0x21,0xab,0xb4,0x59,0x96,
  0x8,0x8e,0x12,0xd3,0xe8,0xa0,0xa,0x99,0x3b,0x3d,0x20,0x1c,0x22,0xcc,0x59,0xb6,
  0xa8,0xaa,0x1f,0xcc,0x59,0xc3,0x7,0xd3,0x2,0x2d,0x19,0x9a,0xf2,0xa6,0x39,0xc5,
  0x8b,0x8f,0xe6,0xac,0x59,0x28,0x76,0x63,0xed,0xb1,0x68,0x51,0x4a,0x59,0x4d,0xd5,
  0x67,0x62,0x4a,0xab,0xd6,0x7f,0xa1,0x2c,0xc1,0xb9,0x24,0x73,0xfe,0x74,0x4d,0xb2,
  0x4,0x15,0xd8,0xa1,0x63,0x3f,0x2b,0x5a,0x85,0xea,0xd2,0x47,0x97,0xde,0xf3,0xb1,
  0x4f,0x4c,0x4f,0x10,0xdf,0x27,0x4e,0x50,0xed,0x55,0xd5,0x2f,0x51,0xed,0xb5,0x17,
  0x14,0xed,0x38,0x4e,0x3a,0xe8,0x3,0x17,0x8e,0x34,0x63,0x6b,0x5c,0x9f,0xb2,0x99,
  0x2a,0xc3,0x20,0xf6,0xaf,0xb1,0xf5,0x73,0xed,0x28,0x6d,0x75,0x21,0x5e,0x38,0x35,
  0x9b,0x99,0xa9,0x5f,0x33,0xde,0x11,0x4,0xc3,0xdb,0xf4,0x49,0x89,0x48,0x9a,0x76,
  0x86,0x11,0xed,0xb1,0xf0,0xb9,0xb8,0x18,0x62,0x8f,0xe8,0x25,0xf2,0x8f,0x9c,0x32,
  0x9,0x66,0x7a,0x8b,0x99,0xd3,0xd5,0xcf,0xda,0x88,0xb3,0xae,0x3a,0xdd,0x41,0xa2,
  0x3,0x60,0x66,0x78,0xc0,0x2b,0xd5,0x35,0xd2,0x8c,0xfb,0x51,0x90,0x1b,0xa,0x6c,
  0x6c,0xc4,0xbe,0xd1,0xb9,0xae,0x35,0xcc,0xb,0x36,0xbd,0xd9,0xb4,0x75,0xa3,0x8c,
  0x1a,0x72,0x19,0x1d,0x8c,0x42,0xaf,0x32,0xe6,0xf7,0x2b,0xe0,0xe1,0xa8,0x5b,0x45,
  0x1d,0x26,0xd3,0x30,0x61,0xcd,0xed,0xc0,0x15,0xc4,0x44,0xa4,0x82,0xd,0x41,0xe2,
  0xcb,0x82,0xdc,0xfb,0xfb,0xed,0x69,0x5b,0xec,0x70,0xd9,0xfd,0xd2,0x40,0xaa,0xae,
  0xe0,0x18,0x53,0x8e,0x4e,0x5f,0xc2,0x4,0xac,0x9d,0x8f,0x8b,0x34,0x10,0x86,0x74,
  0xd3,0x83,0x6b,0x6,0x6a,0x3b,0x63,0x87,0xf2,0x8d,0x40,0x36,0x76,0x7c,0x70,0xd,
  0xd0,0x62,0xc5,0xc7,0x3,0xc6,0xa4,0xa3,0x93,0xc6,0xb2,0x98,0xb4,0x2,0xfe,0x66,
  0xd2,0xac,0xf,0xc0,0xc2,0x81,0xa7,0xe7,0x50,0xf9,0x8,0x2c,0x48,0x80,0x8d,0x87,
  0x4c,0x2a,0xd5,0xde,0x6,0xd,0x18,0x9,0xb3,0x6d,0xfb,0xad,0xe3,0xb3,0x1f,0xd2,
  0xf6,0x85,0xbf,0x75,0x96,0x61,0xc0,0xc4,0xd6,0xb2,0x8c,0x3e,0x84,0xab,0xe6,0x6b,
  0x8b,0xa1,0x31,0x76,0x40,0xb7,0xcb,0xc7,0x4c,0x42,0xd4,0xdd,0x87,0x3a,0xef,0x6b,
  0xd0,0x73,0x41,0x7,0x28,0x3b,0x4,0xac,0x99,0x82,0x22,0xfd,0x6c,0x2d,0x5,0x3d,
  0x7f,0xbe,0x5e,0xa,0x8a,0xd7,0xf2,0xc1,0xbf,0xf7,0xa5,0xff,0x1,0x35,0x2d,0x69,
  0xb0,
  
};

static const unsigned char qt_resource_name[] = {
  // qt
  0x0,0x2,
  0x0,0x0,0x7,0x84,
  0x0,0x71,
  0x0,0x74,
    // qml
  0x0,0x3,
  0x0,0x0,0x78,0x3c,
  0x0,0x71,
  0x0,0x6d,0x0,0x6c,
    // Idiomind
  0x0,0x8,
  0xb,0x6,0x39,0xa4,
  0x0,0x49,
  0x0,0x64,0x0,0x69,0x0,0x6f,0x0,0x6d,0x0,0x69,0x0,0x6e,0x0,0x64,
    // src
  0x0,0x3,
  0x0,0x0,0x7a,0x83,
  0x0,0x73,
  0x0,0x72,0x0,0x63,
    // ui
  0x0,0x2,
  0x0,0x0,0x7,0xb9,
  0x0,0x75,
  0x0,0x69,
    // Main.qml
  0x0,0x8,
  0x8,0x1,0x5e,0x5c,
  0x0,0x4d,
  0x0,0x61,0x0,0x69,0x0,0x6e,0x0,0x2e,0x0,0x71,0x0,0x6d,0x0,0x6c,
    // components
  0x0,0xa,
  0x7,0x6a,0x9,0x33,
  0x0,0x63,
  0x0,0x6f,0x0,0x6d,0x0,0x70,0x0,0x6f,0x0,0x6e,0x0,0x65,0x0,0x6e,0x0,0x74,0x0,0x73,
    // ContextualFooter.qml
  0x0,0x14,
  0x5,0x2f,0xe3,0x3c,
  0x0,0x43,
  0x0,0x6f,0x0,0x6e,0x0,0x74,0x0,0x65,0x0,0x78,0x0,0x74,0x0,0x75,0x0,0x61,0x0,0x6c,0x0,0x46,0x0,0x6f,0x0,0x6f,0x0,0x74,0x0,0x65,0x0,0x72,0x0,0x2e,
  0x0,0x71,0x0,0x6d,0x0,0x6c,
    // PracticeDialog.qml
  0x0,0x12,
  0x9,0x8c,0xe4,0xbc,
  0x0,0x50,
  0x0,0x72,0x0,0x61,0x0,0x63,0x0,0x74,0x0,0x69,0x0,0x63,0x0,0x65,0x0,0x44,0x0,0x69,0x0,0x61,0x0,0x6c,0x0,0x6f,0x0,0x67,0x0,0x2e,0x0,0x71,0x0,0x6d,
  0x0,0x6c,
    // AppDrawer.qml
  0x0,0xd,
  0xd,0x2c,0x28,0x1c,
  0x0,0x41,
  0x0,0x70,0x0,0x70,0x0,0x44,0x0,0x72,0x0,0x61,0x0,0x77,0x0,0x65,0x0,0x72,0x0,0x2e,0x0,0x71,0x0,0x6d,0x0,0x6c,
    // PlayDialog.qml
  0x0,0xe,
  0x6,0x45,0x1f,0x7c,
  0x0,0x50,
  0x0,0x6c,0x0,0x61,0x0,0x79,0x0,0x44,0x0,0x69,0x0,0x61,0x0,0x6c,0x0,0x6f,0x0,0x67,0x0,0x2e,0x0,0x71,0x0,0x6d,0x0,0x6c,
    // NotesView.qml
  0x0,0xd,
  0x5,0x1f,0xc8,0xfc,
  0x0,0x4e,
  0x0,0x6f,0x0,0x74,0x0,0x65,0x0,0x73,0x0,0x56,0x0,0x69,0x0,0x65,0x0,0x77,0x0,0x2e,0x0,0x71,0x0,0x6d,0x0,0x6c,
    // ManageView.qml
  0x0,0xe,
  0xf,0x49,0xf9,0x5c,
  0x0,0x4d,
  0x0,0x61,0x0,0x6e,0x0,0x61,0x0,0x67,0x0,0x65,0x0,0x56,0x0,0x69,0x0,0x65,0x0,0x77,0x0,0x2e,0x0,0x71,0x0,0x6d,0x0,0x6c,
    // LearningView.qml
  0x0,0x10,
  0xd,0x46,0x63,0x9c,
  0x0,0x4c,
  0x0,0x65,0x0,0x61,0x0,0x72,0x0,0x6e,0x0,0x69,0x0,0x6e,0x0,0x67,0x0,0x56,0x0,0x69,0x0,0x65,0x0,0x77,0x0,0x2e,0x0,0x71,0x0,0x6d,0x0,0x6c,
    // NavigationStrips.qml
  0x0,0x14,
  0x3,0x8e,0x4a,0x1c,
  0x0,0x4e,
  0x0,0x61,0x0,0x76,0x0,0x69,0x0,0x67,0x0,0x61,0x0,0x74,0x0,0x69,0x0,0x6f,0x0,0x6e,0x0,0x53,0x0,0x74,0x0,0x72,0x0,0x69,0x0,0x70,0x0,0x73,0x0,0x2e,
  0x0,0x71,0x0,0x6d,0x0,0x6c,
    // TopicsModal.qml
  0x0,0xf,
  0x7,0x8a,0xbd,0x1c,
  0x0,0x54,
  0x0,0x6f,0x0,0x70,0x0,0x69,0x0,0x63,0x0,0x73,0x0,0x4d,0x0,0x6f,0x0,0x64,0x0,0x61,0x0,0x6c,0x0,0x2e,0x0,0x71,0x0,0x6d,0x0,0x6c,
    // LearntView.qml
  0x0,0xe,
  0x8,0xdc,0xf3,0x1c,
  0x0,0x4c,
  0x0,0x65,0x0,0x61,0x0,0x72,0x0,0x6e,0x0,0x74,0x0,0x56,0x0,0x69,0x0,0x65,0x0,0x77,0x0,0x2e,0x0,0x71,0x0,0x6d,0x0,0x6c,
    // ViewerDialog.qml
  0x0,0x10,
  0x8,0xc4,0x36,0x1c,
  0x0,0x56,
  0x0,0x69,0x0,0x65,0x0,0x77,0x0,0x65,0x0,0x72,0x0,0x44,0x0,0x69,0x0,0x61,0x0,0x6c,0x0,0x6f,0x0,0x67,0x0,0x2e,0x0,0x71,0x0,0x6d,0x0,0x6c,
  
};

static const unsigned char qt_resource_struct[] = {
  // :
  0x0,0x0,0x0,0x0,0x0,0x2,0x0,0x0,0x0,0x1,0x0,0x0,0x0,0x1,
0x0,0x0,0x0,0x0,0x0,0x0,0x0,0x0,
  // :/qt
  0x0,0x0,0x0,0x0,0x0,0x2,0x0,0x0,0x0,0x1,0x0,0x0,0x0,0x2,
0x0,0x0,0x0,0x0,0x0,0x0,0x0,0x0,
  // :/qt/qml
  0x0,0x0,0x0,0xa,0x0,0x2,0x0,0x0,0x0,0x1,0x0,0x0,0x0,0x3,
0x0,0x0,0x0,0x0,0x0,0x0,0x0,0x0,
  // :/qt/qml/Idiomind
  0x0,0x0,0x0,0x16,0x0,0x2,0x0,0x0,0x0,0x1,0x0,0x0,0x0,0x4,
0x0,0x0,0x0,0x0,0x0,0x0,0x0,0x0,
  // :/qt/qml/Idiomind/src
  0x0,0x0,0x0,0x2c,0x0,0x2,0x0,0x0,0x0,0x1,0x0,0x0,0x0,0x5,
0x0,0x0,0x0,0x0,0x0,0x0,0x0,0x0,
  // :/qt/qml/Idiomind/src/ui
  0x0,0x0,0x0,0x38,0x0,0x2,0x0,0x0,0x0,0x1,0x0,0x0,0x0,0x6,
0x0,0x0,0x0,0x0,0x0,0x0,0x0,0x0,
  // :/qt/qml/Idiomind/src/ui/qml
  0x0,0x0,0x0,0xa,0x0,0x2,0x0,0x0,0x0,0x2,0x0,0x0,0x0,0x7,
0x0,0x0,0x0,0x0,0x0,0x0,0x0,0x0,
  // :/qt/qml/Idiomind/src/ui/qml/components
  0x0,0x0,0x0,0x58,0x0,0x2,0x0,0x0,0x0,0xb,0x0,0x0,0x0,0x9,
0x0,0x0,0x0,0x0,0x0,0x0,0x0,0x0,
  // :/qt/qml/Idiomind/src/ui/qml/Main.qml
  0x0,0x0,0x0,0x42,0x0,0x1,0x0,0x0,0x0,0x1,0x0,0x0,0x0,0x0,
0x0,0x0,0x1,0xa0,0x78,0x78,0x4d,0x92,
  // :/qt/qml/Idiomind/src/ui/qml/components/NavigationStrips.qml
  0x0,0x0,0x1,0x74,0x0,0x0,0x0,0x0,0x0,0x1,0x0,0x0,0x38,0x19,
0x0,0x0,0x1,0xa0,0x74,0x55,0x85,0x4d,
  // :/qt/qml/Idiomind/src/ui/qml/components/NotesView.qml
  0x0,0x0,0x1,0xc,0x0,0x0,0x0,0x0,0x0,0x1,0x0,0x0,0x22,0x2d,
0x0,0x0,0x1,0xa0,0x74,0xe5,0x3,0x19,
  // :/qt/qml/Idiomind/src/ui/qml/components/ContextualFooter.qml
  0x0,0x0,0x0,0x72,0x0,0x0,0x0,0x0,0x0,0x1,0x0,0x0,0x7,0x4c,
0x0,0x0,0x1,0xa0,0x78,0x3c,0xe6,0xc4,
  // :/qt/qml/Idiomind/src/ui/qml/components/PlayDialog.qml
  0x0,0x0,0x0,0xea,0x0,0x1,0x0,0x0,0x0,0x1,0x0,0x0,0x1f,0x97,
0x0,0x0,0x1,0xa0,0x74,0x3b,0xb3,0xa4,
  // :/qt/qml/Idiomind/src/ui/qml/components/TopicsModal.qml
  0x0,0x0,0x1,0xa2,0x0,0x1,0x0,0x0,0x0,0x1,0x0,0x0,0x3c,0x16,
0x0,0x0,0x1,0xa0,0x76,0x20,0x42,0x3e,
  // :/qt/qml/Idiomind/src/ui/qml/components/ViewerDialog.qml
  0x0,0x0,0x1,0xe8,0x0,0x1,0x0,0x0,0x0,0x1,0x0,0x0,0x44,0x88,
0x0,0x0,0x1,0xa0,0x78,0x98,0xa7,0xb1,
  // :/qt/qml/Idiomind/src/ui/qml/components/LearntView.qml
  0x0,0x0,0x1,0xc6,0x0,0x0,0x0,0x0,0x0,0x1,0x0,0x0,0x3f,0xdd,
0x0,0x0,0x1,0xa0,0x74,0xcc,0x36,0x6d,
  // :/qt/qml/Idiomind/src/ui/qml/components/PracticeDialog.qml
  0x0,0x0,0x0,0xa0,0x0,0x1,0x0,0x0,0x0,0x1,0x0,0x0,0xd,0x81,
0x0,0x0,0x1,0xa0,0x75,0x9,0x5d,0x51,
  // :/qt/qml/Idiomind/src/ui/qml/components/AppDrawer.qml
  0x0,0x0,0x0,0xca,0x0,0x0,0x0,0x0,0x0,0x1,0x0,0x0,0x13,0x1f,
0x0,0x0,0x1,0xa0,0x76,0x20,0x14,0x3e,
  // :/qt/qml/Idiomind/src/ui/qml/components/LearningView.qml
  0x0,0x0,0x1,0x4e,0x0,0x0,0x0,0x0,0x0,0x1,0x0,0x0,0x2e,0x72,
0x0,0x0,0x1,0xa0,0x78,0x98,0x7,0xd6,
  // :/qt/qml/Idiomind/src/ui/qml/components/ManageView.qml
  0x0,0x0,0x1,0x2c,0x0,0x1,0x0,0x0,0x0,0x1,0x0,0x0,0x28,0xa8,
0x0,0x0,0x1,0xa0,0x75,0x23,0x26,0x85,

};

#ifdef QT_NAMESPACE
#  define QT_RCC_PREPEND_NAMESPACE(name) ::QT_NAMESPACE::name
#  define QT_RCC_MANGLE_NAMESPACE0(x) x
#  define QT_RCC_MANGLE_NAMESPACE1(a, b) a##_##b
#  define QT_RCC_MANGLE_NAMESPACE2(a, b) QT_RCC_MANGLE_NAMESPACE1(a,b)
#  define QT_RCC_MANGLE_NAMESPACE(name) QT_RCC_MANGLE_NAMESPACE2( \
        QT_RCC_MANGLE_NAMESPACE0(name), QT_RCC_MANGLE_NAMESPACE0(QT_NAMESPACE))
#else
#   define QT_RCC_PREPEND_NAMESPACE(name) name
#   define QT_RCC_MANGLE_NAMESPACE(name) name
#endif

#if defined(QT_INLINE_NAMESPACE)
inline namespace QT_NAMESPACE {
#elif defined(QT_NAMESPACE)
namespace QT_NAMESPACE {
#endif

bool qRegisterResourceData(int, const unsigned char *, const unsigned char *, const unsigned char *);
bool qUnregisterResourceData(int, const unsigned char *, const unsigned char *, const unsigned char *);

#if defined(__ELF__) || defined(__APPLE__)
static inline unsigned char qResourceFeatureZlib()
{
    extern const unsigned char qt_resourceFeatureZlib;
    return qt_resourceFeatureZlib;
}
#else
unsigned char qResourceFeatureZlib();
#endif

#ifdef QT_NAMESPACE
}
#endif

int QT_RCC_MANGLE_NAMESPACE(qInitResources_idiomindqt_raw_qml_0)();
int QT_RCC_MANGLE_NAMESPACE(qInitResources_idiomindqt_raw_qml_0)()
{
    int version = 3;
    QT_RCC_PREPEND_NAMESPACE(qRegisterResourceData)
        (version, qt_resource_struct, qt_resource_name, qt_resource_data);
    return 1;
}

int QT_RCC_MANGLE_NAMESPACE(qCleanupResources_idiomindqt_raw_qml_0)();
int QT_RCC_MANGLE_NAMESPACE(qCleanupResources_idiomindqt_raw_qml_0)()
{
    int version = 3;
    version += QT_RCC_PREPEND_NAMESPACE(qResourceFeatureZlib());
    QT_RCC_PREPEND_NAMESPACE(qUnregisterResourceData)
       (version, qt_resource_struct, qt_resource_name, qt_resource_data);
    return 1;
}

#ifdef __clang__
#   pragma clang diagnostic push
#   pragma clang diagnostic ignored "-Wexit-time-destructors"
#endif

namespace {
   struct initializer {
       initializer() { QT_RCC_MANGLE_NAMESPACE(qInitResources_idiomindqt_raw_qml_0)(); }
       ~initializer() { QT_RCC_MANGLE_NAMESPACE(qCleanupResources_idiomindqt_raw_qml_0)(); }
   } dummy;
}

#ifdef __clang__
#   pragma clang diagnostic pop
#endif
